site,pcode,feature,present,overlaps,n_series,stat_ids,units,begin,end
USGS-05412500,00010,"Temperature, water (temp_water)",True,True,3,"00003,00011",degC,2012-05-30 00:00:00.000001+00:00,2026-06-15 09:15:00.000001+00:00
USGS-05412500,99133,Nitrate+nitrite in situ as N (nitrate_con),True,True,2,"00003,00011",mg/l,2012-05-09 00:00:00.000001+00:00,2026-06-15 08:15:00.000001+00:00
USGS-05412500,99137,Nitrate in situ as N (alt for nitrate_con),False,False,0,,,,
USGS-05412500,00631,"Nitrate+nitrite, filtered lab as N (nitrate_con_int / grab)",False,False,0,,,,
USGS-05412500,00300,Dissolved oxygen (diss_oxy_con),False,False,0,,,,
USGS-05412500,00301,"Dissolved oxygen, % saturation (diss_oxy_sat)",False,False,0,,,,
USGS-05412500,00400,"pH, field (ph)",False,False,0,,,,
USGS-05412500,00095,Specific conductance (spec_cond),False,False,0,,,,
USGS-05412500,00060,Discharge (discharge / discharge_est),True,True,3,"00003,00011",ft^3/s,1902-05-18 00:00:00.000001+00:00,2026-06-15 08:15:00.000001+00:00
USGS-05412500,00065,"Gage height, ft (stage -- NOTE units: ft vs IWQIS m)",True,True,2,00011,ft,1902-05-18 00:00:00.000001+00:00,2026-06-15 08:15:00.000001+00:00
USGS-05412500,63680,"Turbidity, FNU (turbi_* )",False,False,0,,,,
USGS-05412500,00076,"Turbidity, NTU (alt for turbi_*)",False,False,0,,,,
USGS-05412500,32316,Chlorophyll fluorescence in situ (chloro_con),False,False,0,,,,
USGS-05412500,00671,Orthophosphate as P (phosphate_con),False,False,0,,,,
USGS-05418110,00010,"Temperature, water (temp_water)",True,False,2,"00003,00011",degC,2012-04-13 00:00:00.000001+00:00,2014-11-13 05:45:00.000001+00:00
USGS-05418110,99133,Nitrate+nitrite in situ as N (nitrate_con),True,False,2,"00003,00011",mg/l,2012-05-16 00:00:00.000001+00:00,2014-11-13 05:45:00.000001+00:00
USGS-05418110,99137,Nitrate in situ as N (alt for nitrate_con),False,False,0,,,,
USGS-05418110,00631,"Nitrate+nitrite, filtered lab as N (nitrate_con_int / grab)",False,False,0,,,,
USGS-05418110,00300,Dissolved oxygen (diss_oxy_con),False,False,0,,,,
USGS-05418110,00301,"Dissolved oxygen, % saturation (diss_oxy_sat)",False,False,0,,,,
USGS-05418110,00400,"pH, field (ph)",False,False,0,,,,
USGS-05418110,00095,Specific conductance (spec_cond),False,False,0,,,,
USGS-05418110,00060,Discharge (discharge / discharge_est),True,False,3,"00003,00011",ft^3/s,2012-04-12 00:00:00.000001+00:00,2016-07-20 05:00:00.000001+00:00
USGS-05418110,00065,"Gage height, ft (stage -- NOTE units: ft vs IWQIS m)",True,False,2,00011,ft,2013-03-10 00:00:00.000001+00:00,2015-03-11 00:00:00.000001+00:00
USGS-05418110,63680,"Turbidity, FNU (turbi_* )",False,False,0,,,,
USGS-05418110,00076,"Turbidity, NTU (alt for turbi_*)",False,False,0,,,,
USGS-05418110,32316,Chlorophyll fluorescence in situ (chloro_con),False,False,0,,,,
USGS-05418110,00671,Orthophosphate as P (phosphate_con),False,False,0,,,,
USGS-05418400,00010,"Temperature, water (temp_water)",True,False,4,"00003,00011",degC,2012-05-25 00:00:00.000001+00:00,2014-11-12 05:45:00.000001+00:00
USGS-05418400,99133,Nitrate+nitrite in situ as N (nitrate_con),True,False,4,"00003,00011",mg/l,2012-05-25 00:00:00.000001+00:00,2014-11-12 20:45:00.000001+00:00
USGS-05418400,99137,Nitrate in situ as N (alt for nitrate_con),False,False,0,,,,
USGS-05418400,00631,"Nitrate+nitrite, filtered lab as N (nitrate_con_int / grab)",False,False,0,,,,
USGS-05418400,00300,Dissolved oxygen (diss_oxy_con),True,False,2,"00003,00011",mg/l,2013-05-11 00:00:00.000001+00:00,2013-08-06 04:59:55.000001+00:00
USGS-05418400,00301,"Dissolved oxygen, % saturation (diss_oxy_sat)",True,False,2,"00003,00011",%,2013-05-11 00:00:00.000001+00:00,2013-08-06 04:59:55.000001+00:00
USGS-05418400,00400,"pH, field (ph)",True,False,2,"00008,00011",pH Units,2013-05-11 00:00:00.000001+00:00,2013-08-06 04:59:55.000001+00:00
USGS-05418400,00095,Specific conductance (spec_cond),True,False,2,"00003,00011",uS/cm,2013-05-11 00:00:00.000001+00:00,2013-08-07 04:59:08.000001+00:00
USGS-05418400,00060,Discharge (discharge / discharge_est),True,True,3,"00003,00011",ft^3/s,1998-04-29 00:00:00.000001+00:00,2026-06-15 08:00:00.000001+00:00
USGS-05418400,00065,"Gage height, ft (stage -- NOTE units: ft vs IWQIS m)",True,True,2,00011,ft,1999-05-18 00:00:00.000001+00:00,2026-06-15 08:00:00.000001+00:00
USGS-05418400,63680,"Turbidity, FNU (turbi_* )",True,False,2,"00003,00011",_FNU,2013-05-11 00:00:00.000001+00:00,2013-08-05 04:59:55.000001+00:00
USGS-05418400,00076,"Turbidity, NTU (alt for turbi_*)",False,False,0,,,,
USGS-05418400,32316,Chlorophyll fluorescence in situ (chloro_con),False,False,0,,,,
USGS-05418400,00671,Orthophosphate as P (phosphate_con),False,False,0,,,,
USGS-05418720,00010,"Temperature, water (temp_water)",True,True,2,"00003,00011",degC,2014-05-23 00:00:00.000001+00:00,2018-10-04 16:00:00.000001+00:00
USGS-05418720,99133,Nitrate+nitrite in situ as N (nitrate_con),True,True,2,"00003,00011",mg/l,2014-05-23 00:00:00.000001+00:00,2018-10-23 14:30:00.000001+00:00
USGS-05418720,99137,Nitrate in situ as N (alt for nitrate_con),False,False,0,,,,
USGS-05418720,00631,"Nitrate+nitrite, filtered lab as N (nitrate_con_int / grab)",False,False,0,,,,
USGS-05418720,00300,Dissolved oxygen (diss_oxy_con),False,False,0,,,,
USGS-05418720,00301,"Dissolved oxygen, % saturation (diss_oxy_sat)",False,False,0,,,,
USGS-05418720,00400,"pH, field (ph)",False,False,0,,,,
USGS-05418720,00095,Specific conductance (spec_cond),False,False,0,,,,
USGS-05418720,00060,Discharge (discharge / discharge_est),True,True,3,"00003,00011",ft^3/s,2014-04-09 00:00:00.000001+00:00,2018-10-04 16:00:00.000001+00:00
USGS-05418720,00065,"Gage height, ft (stage -- NOTE units: ft vs IWQIS m)",True,True,2,00011,ft,2014-04-10 05:00:00.000001+00:00,2020-02-03 21:45:00.000001+00:00
USGS-05418720,63680,"Turbidity, FNU (turbi_* )",True,True,2,"00003,00011",_FNU,2014-08-19 00:00:00.000001+00:00,2018-10-23 14:30:00.000001+00:00
USGS-05418720,00076,"Turbidity, NTU (alt for turbi_*)",False,False,0,,,,
USGS-05418720,32316,Chlorophyll fluorescence in situ (chloro_con),False,False,0,,,,
USGS-05418720,00671,Orthophosphate as P (phosphate_con),False,False,0,,,,
USGS-05420500,00010,"Temperature, water (temp_water)",True,True,8,"00001,00002,00003,00011",degC,1977-10-01 00:00:00.000001+00:00,2026-06-15 08:30:00.000001+00:00
USGS-05420500,99133,Nitrate+nitrite in situ as N (nitrate_con),True,True,4,"00003,00011",mg/l,2015-03-27 00:00:00.000001+00:00,2021-08-02 05:45:00.000001+00:00
USGS-05420500,99137,Nitrate in situ as N (alt for nitrate_con),False,False,0,,,,
USGS-05420500,00631,"Nitrate+nitrite, filtered lab as N (nitrate_con_int / grab)",False,False,0,,,,
USGS-05420500,00300,Dissolved oxygen (diss_oxy_con),True,True,2,"00003,00011",mg/l,2015-03-17 00:00:00.000001+00:00,2021-08-02 05:45:00.000001+00:00
USGS-05420500,00301,"Dissolved oxygen, % saturation (diss_oxy_sat)",True,True,2,"00003,00011",%,2015-03-17 00:00:00.000001+00:00,2021-08-02 05:45:00.000001+00:00
USGS-05420500,00400,"pH, field (ph)",True,True,2,"00008,00011",pH Units,2015-03-16 18:45:00.000001+00:00,2021-08-02 05:45:00.000001+00:00
USGS-05420500,00095,Specific conductance (spec_cond),True,True,3,"00003,00011",uS/cm,2015-03-17 00:00:00.000001+00:00,2021-08-02 05:45:00.000001+00:00
USGS-05420500,00060,Discharge (discharge / discharge_est),True,True,3,"00003,00011",ft^3/s,1873-06-02 00:00:00.000001+00:00,2026-06-15 08:30:00.000001+00:00
USGS-05420500,00065,"Gage height, ft (stage -- NOTE units: ft vs IWQIS m)",True,True,2,00011,ft,1874-01-01 00:00:00.000001+00:00,2026-06-15 08:30:00.000001+00:00
USGS-05420500,63680,"Turbidity, FNU (turbi_* )",True,True,2,"00003,00011",_FNU,2015-03-17 00:00:00.000001+00:00,2021-08-02 05:45:00.000001+00:00
USGS-05420500,00076,"Turbidity, NTU (alt for turbi_*)",False,False,0,,,,
USGS-05420500,32316,Chlorophyll fluorescence in situ (chloro_con),False,False,0,,,,
USGS-05420500,00671,Orthophosphate as P (phosphate_con),False,False,0,,,,
USGS-05451210,00010,"Temperature, water (temp_water)",True,False,2,"00003,00011",degC,2005-10-01 00:00:00.000001+00:00,2011-11-29 05:45:00.000001+00:00
USGS-05451210,99133,Nitrate+nitrite in situ as N (nitrate_con),True,False,2,"00003,00011",mg/l,2010-07-30 00:00:00.000001+00:00,2011-11-29 05:45:00.000001+00:00
USGS-05451210,99137,Nitrate in situ as N (alt for nitrate_con),False,False,0,,,,
USGS-05451210,00631,"Nitrate+nitrite, filtered lab as N (nitrate_con_int / grab)",False,False,0,,,,
USGS-05451210,00300,Dissolved oxygen (diss_oxy_con),True,False,2,"00003,00011",mg/l,2005-10-01 00:00:00.000001+00:00,2011-11-29 05:45:00.000001+00:00
USGS-05451210,00301,"Dissolved oxygen, % saturation (diss_oxy_sat)",True,False,2,"00003,00011",%,2013-05-14 00:00:00.000001+00:00,2013-11-18 05:45:46.000001+00:00
USGS-05451210,00400,"pH, field (ph)",True,False,2,"00008,00011",pH Units,2005-10-01 00:00:00.000001+00:00,2011-11-29 05:45:00.000001+00:00
USGS-05451210,00095,Specific conductance (spec_cond),True,False,2,"00003,00011",uS/cm,2005-10-01 00:00:00.000001+00:00,2011-11-29 05:45:00.000001+00:00
USGS-05451210,00060,Discharge (discharge / discharge_est),True,True,3,"00003,00011",ft^3/s,1995-10-25 00:00:00.000001+00:00,2026-06-15 07:45:00.000001+00:00
USGS-05451210,00065,"Gage height, ft (stage -- NOTE units: ft vs IWQIS m)",True,True,2,00011,ft,1996-02-10 00:00:00.000001+00:00,2026-06-15 07:45:00.000001+00:00
USGS-05451210,63680,"Turbidity, FNU (turbi_* )",True,False,2,"00003,00011",_FNU,2013-05-14 00:00:00.000001+00:00,2013-11-18 05:45:46.000001+00:00
USGS-05451210,00076,"Turbidity, NTU (alt for turbi_*)",False,False,0,,,,
USGS-05451210,32316,Chlorophyll fluorescence in situ (chloro_con),False,False,0,,,,
USGS-05451210,00671,Orthophosphate as P (phosphate_con),False,False,0,,,,
USGS-05455100,00010,"Temperature, water (temp_water)",True,False,2,"00003,00011",degC,2012-02-17 00:00:00.000001+00:00,2015-11-10 05:45:00.000001+00:00
USGS-05455100,99133,Nitrate+nitrite in situ as N (nitrate_con),True,False,2,"00003,00011",mg/l,2012-05-09 00:00:00.000001+00:00,2015-11-05 00:00:00.000001+00:00
USGS-05455100,99137,Nitrate in situ as N (alt for nitrate_con),False,False,0,,,,
USGS-05455100,00631,"Nitrate+nitrite, filtered lab as N (nitrate_con_int / grab)",False,False,0,,,,
USGS-05455100,00300,Dissolved oxygen (diss_oxy_con),False,False,0,,,,
USGS-05455100,00301,"Dissolved oxygen, % saturation (diss_oxy_sat)",False,False,0,,,,
USGS-05455100,00400,"pH, field (ph)",False,False,0,,,,
USGS-05455100,00095,Specific conductance (spec_cond),False,False,0,,,,
USGS-05455100,00060,Discharge (discharge / discharge_est),True,True,3,"00003,00011",ft^3/s,1950-10-01 00:00:00.000001+00:00,2026-06-15 08:00:00.000001+00:00
USGS-05455100,00065,"Gage height, ft (stage -- NOTE units: ft vs IWQIS m)",True,True,2,00011,ft,1951-08-28 00:00:00.000001+00:00,2026-06-15 08:00:00.000001+00:00
USGS-05455100,63680,"Turbidity, FNU (turbi_* )",False,False,0,,,,
USGS-05455100,00076,"Turbidity, NTU (alt for turbi_*)",False,False,0,,,,
USGS-05455100,32316,Chlorophyll fluorescence in situ (chloro_con),False,False,0,,,,
USGS-05455100,00671,Orthophosphate as P (phosphate_con),False,False,0,,,,
USGS-05464420,00010,"Temperature, water (temp_water)",True,True,4,"00003,00011",degC,2012-10-13 00:00:00.000001+00:00,2026-06-15 08:15:00.000001+00:00
USGS-05464420,99133,Nitrate+nitrite in situ as N (nitrate_con),True,True,2,"00003,00011",mg/l,2012-10-14 00:00:00.000001+00:00,2026-06-15 08:15:00.000001+00:00
USGS-05464420,99137,Nitrate in situ as N (alt for nitrate_con),False,False,0,,,,
USGS-05464420,00631,"Nitrate+nitrite, filtered lab as N (nitrate_con_int / grab)",False,False,0,,,,
USGS-05464420,00300,Dissolved oxygen (diss_oxy_con),True,True,2,"00003,00011",mg/l,2018-08-03 00:00:00.000001+00:00,2026-06-15 08:15:00.000001+00:00
USGS-05464420,00301,"Dissolved oxygen, % saturation (diss_oxy_sat)",True,False,1,00003,%,2026-03-04 00:00:00.000001+00:00,2026-06-14 00:00:00.000001+00:00
USGS-05464420,00400,"pH, field (ph)",True,True,2,"00008,00011",pH Units,2022-03-16 00:00:00.000001+00:00,2026-06-15 09:15:00.000001+00:00
USGS-05464420,00095,Specific conductance (spec_cond),True,True,2,"00003,00011",uS/cm,2018-08-03 16:45:00.000001+00:00,2026-06-15 08:15:00.000001+00:00
USGS-05464420,00060,Discharge (discharge / discharge_est),True,True,3,"00003,00011",ft^3/s,2009-03-25 00:00:00.000001+00:00,2026-06-15 08:15:00.000001+00:00
USGS-05464420,00065,"Gage height, ft (stage -- NOTE units: ft vs IWQIS m)",True,True,2,00011,ft,2008-06-13 00:00:00.000001+00:00,2026-06-15 08:15:00.000001+00:00
USGS-05464420,63680,"Turbidity, FNU (turbi_* )",True,True,2,"00003,00011",_FNU,2018-08-03 00:00:00.000001+00:00,2026-06-15 08:15:00.000001+00:00
USGS-05464420,00076,"Turbidity, NTU (alt for turbi_*)",False,False,0,,,,
USGS-05464420,32316,Chlorophyll fluorescence in situ (chloro_con),False,False,0,,,,
USGS-05464420,00671,Orthophosphate as P (phosphate_con),False,False,0,,,,
USGS-05464475,00010,"Temperature, water (temp_water)",True,True,2,"00003,00011",degC,2019-04-16 00:00:00.000001+00:00,2026-06-15 06:30:00.000001+00:00
USGS-05464475,99133,Nitrate+nitrite in situ as N (nitrate_con),True,True,2,"00003,00011",mg/l,2019-04-16 23:00:00.000001+00:00,2026-06-15 04:30:00.000001+00:00
USGS-05464475,99137,Nitrate in situ as N (alt for nitrate_con),False,False,0,,,,
USGS-05464475,00631,"Nitrate+nitrite, filtered lab as N (nitrate_con_int / grab)",False,False,0,,,,
USGS-05464475,00300,Dissolved oxygen (diss_oxy_con),False,False,0,,,,
USGS-05464475,00301,"Dissolved oxygen, % saturation (diss_oxy_sat)",False,False,0,,,,
USGS-05464475,00400,"pH, field (ph)",False,False,0,,,,
USGS-05464475,00095,Specific conductance (spec_cond),False,False,0,,,,
USGS-05464475,00060,Discharge (discharge / discharge_est),True,True,3,"00003,00011",ft^3/s,2019-04-16 23:00:00.000001+00:00,2026-06-15 04:30:00.000001+00:00
USGS-05464475,00065,"Gage height, ft (stage -- NOTE units: ft vs IWQIS m)",True,True,2,00011,ft,2019-04-16 23:00:00.000001+00:00,2026-06-15 09:30:00.000001+00:00
USGS-05464475,63680,"Turbidity, FNU (turbi_* )",False,False,0,,,,
USGS-05464475,00076,"Turbidity, NTU (alt for turbi_*)",False,False,0,,,,
USGS-05464475,32316,Chlorophyll fluorescence in situ (chloro_con),False,False,0,,,,
USGS-05464475,00671,Orthophosphate as P (phosphate_con),False,False,0,,,,
USGS-05464500,00010,"Temperature, water (temp_water)",True,False,3,"00003,00011",degC,2012-04-19 00:00:00.000001+00:00,2012-10-01 04:45:00.000001+00:00
USGS-05464500,99133,Nitrate+nitrite in situ as N (nitrate_con),True,False,2,"00003,00011",mg/l,2009-04-14 00:00:00.000001+00:00,2012-10-01 05:00:00.000001+00:00
USGS-05464500,99137,Nitrate in situ as N (alt for nitrate_con),False,False,0,,,,
USGS-05464500,00631,"Nitrate+nitrite, filtered lab as N (nitrate_con_int / grab)",False,False,0,,,,
USGS-05464500,00300,Dissolved oxygen (diss_oxy_con),False,False,0,,,,
USGS-05464500,00301,"Dissolved oxygen, % saturation (diss_oxy_sat)",False,False,0,,,,
USGS-05464500,00400,"pH, field (ph)",False,False,0,,,,
USGS-05464500,00095,Specific conductance (spec_cond),False,False,0,,,,
USGS-05464500,00060,Discharge (discharge / discharge_est),True,True,3,"00003,00011",ft^3/s,1851-06-01 00:00:00.000001+00:00,2026-06-15 08:00:00.000001+00:00
USGS-05464500,00065,"Gage height, ft (stage -- NOTE units: ft vs IWQIS m)",True,True,2,00011,ft,1851-06-01 00:00:00.000001+00:00,2026-06-15 08:00:00.000001+00:00
USGS-05464500,63680,"Turbidity, FNU (turbi_* )",False,False,0,,,,
USGS-05464500,00076,"Turbidity, NTU (alt for turbi_*)",False,False,0,,,,
USGS-05464500,32316,Chlorophyll fluorescence in situ (chloro_con),False,False,0,,,,
USGS-05464500,00671,Orthophosphate as P (phosphate_con),False,False,0,,,,
USGS-0546494205,00010,"Temperature, water (temp_water)",True,False,1,00011,degC,,
USGS-0546494205,99133,Nitrate+nitrite in situ as N (nitrate_con),True,False,2,"00003,00011",mg/l,,
USGS-0546494205,99137,Nitrate in situ as N (alt for nitrate_con),False,False,0,,,,
USGS-0546494205,00631,"Nitrate+nitrite, filtered lab as N (nitrate_con_int / grab)",False,False,0,,,,
USGS-0546494205,00300,Dissolved oxygen (diss_oxy_con),False,False,0,,,,
USGS-0546494205,00301,"Dissolved oxygen, % saturation (diss_oxy_sat)",False,False,0,,,,
USGS-0546494205,00400,"pH, field (ph)",False,False,0,,,,
USGS-0546494205,00095,Specific conductance (spec_cond),False,False,0,,,,
USGS-0546494205,00060,Discharge (discharge / discharge_est),False,False,0,,,,
USGS-0546494205,00065,"Gage height, ft (stage -- NOTE units: ft vs IWQIS m)",False,False,0,,,,
USGS-0546494205,63680,"Turbidity, FNU (turbi_* )",False,False,0,,,,
USGS-0546494205,00076,"Turbidity, NTU (alt for turbi_*)",False,False,0,,,,
USGS-0546494205,32316,Chlorophyll fluorescence in situ (chloro_con),False,False,0,,,,
USGS-0546494205,00671,Orthophosphate as P (phosphate_con),False,False,0,,,,
USGS-05465500,00010,"Temperature, water (temp_water)",True,True,3,"00003,00011",degC,2011-10-01 00:00:00.000001+00:00,2018-04-23 15:45:00.000001+00:00
USGS-05465500,99133,Nitrate+nitrite in situ as N (nitrate_con),True,True,2,"00003,00011",mg/l,2009-06-03 00:00:00.000001+00:00,2026-06-15 08:00:00.000001+00:00
USGS-05465500,99137,Nitrate in situ as N (alt for nitrate_con),False,False,0,,,,
USGS-05465500,00631,"Nitrate+nitrite, filtered lab as N (nitrate_con_int / grab)",False,False,0,,,,
USGS-05465500,00300,Dissolved oxygen (diss_oxy_con),False,False,0,,,,
USGS-05465500,00301,"Dissolved oxygen, % saturation (diss_oxy_sat)",False,False,0,,,,
USGS-05465500,00400,"pH, field (ph)",False,False,0,,,,
USGS-05465500,00095,Specific conductance (spec_cond),True,False,1,00011,uS/cm,,
USGS-05465500,00060,Discharge (discharge / discharge_est),True,True,3,"00003,00011",ft^3/s,1903-06-03 00:00:00.000001+00:00,2026-06-15 08:00:00.000001+00:00
USGS-05465500,00065,"Gage height, ft (stage -- NOTE units: ft vs IWQIS m)",True,True,2,00011,ft,1912-04-03 00:00:00.000001+00:00,2026-06-15 08:00:00.000001+00:00
USGS-05465500,63680,"Turbidity, FNU (turbi_* )",True,True,2,"00003,00011",_FNU,2014-05-21 00:00:00.000001+00:00,2026-05-13 00:45:00.000001+00:00
USGS-05465500,00076,"Turbidity, NTU (alt for turbi_*)",False,False,0,,,,
USGS-05465500,32316,Chlorophyll fluorescence in situ (chloro_con),False,False,0,,,,
USGS-05465500,00671,Orthophosphate as P (phosphate_con),False,False,0,,,,
USGS-05474500,00010,"Temperature, water (temp_water)",True,True,3,"00003,00011",degC,2021-05-06 21:00:00.000001+00:00,2026-06-15 05:45:00.000001+00:00
USGS-05474500,99133,Nitrate+nitrite in situ as N (nitrate_con),True,True,2,"00003,00011",mg/l,2023-04-13 00:00:00.000001+00:00,2026-06-15 07:45:00.000001+00:00
USGS-05474500,99137,Nitrate in situ as N (alt for nitrate_con),False,False,0,,,,
USGS-05474500,00631,"Nitrate+nitrite, filtered lab as N (nitrate_con_int / grab)",False,False,0,,,,
USGS-05474500,00300,Dissolved oxygen (diss_oxy_con),True,True,2,"00003,00011",mg/l,2021-05-06 00:00:00.000001+00:00,2026-06-15 06:45:00.000001+00:00
USGS-05474500,00301,"Dissolved oxygen, % saturation (diss_oxy_sat)",False,False,0,,,,
USGS-05474500,00400,"pH, field (ph)",True,True,2,"00008,00011",pH Units,2021-05-20 00:00:00.000001+00:00,2026-06-15 06:45:00.000001+00:00
USGS-05474500,00095,Specific conductance (spec_cond),True,True,3,"00003,00011",uS/cm,2021-05-06 21:15:00.000001+00:00,2026-06-15 05:45:00.000001+00:00
USGS-05474500,00060,Discharge (discharge / discharge_est),True,True,2,00003,ft^3/s,1851-06-06 00:00:00.000001+00:00,2026-03-31 00:00:00.000001+00:00
USGS-05474500,00065,"Gage height, ft (stage -- NOTE units: ft vs IWQIS m)",True,False,1,,ft,1851-06-06 00:00:00.000001+00:00,1993-07-10 00:00:00.000001+00:00
USGS-05474500,63680,"Turbidity, FNU (turbi_* )",True,True,2,"00003,00011",_FNU,2021-05-06 21:00:00.000001+00:00,2026-06-15 05:45:00.000001+00:00
USGS-05474500,00076,"Turbidity, NTU (alt for turbi_*)",False,False,0,,,,
USGS-05474500,32316,Chlorophyll fluorescence in situ (chloro_con),True,True,2,"00003,00011",ug/l,2021-05-06 21:00:00.000001+00:00,2026-06-15 10:45:00.000001+00:00
USGS-05474500,00671,Orthophosphate as P (phosphate_con),False,False,0,,,,
USGS-05480603,00010,"Temperature, water (temp_water)",False,False,0,,,,
USGS-05480603,99133,Nitrate+nitrite in situ as N (nitrate_con),True,False,2,"00003,00011",mg/l,2013-06-14 00:00:00.000001+00:00,2014-10-03 04:45:00.000001+00:00
USGS-05480603,99137,Nitrate in situ as N (alt for nitrate_con),False,False,0,,,,
USGS-05480603,00631,"Nitrate+nitrite, filtered lab as N (nitrate_con_int / grab)",False,False,0,,,,
USGS-05480603,00300,Dissolved oxygen (diss_oxy_con),False,False,0,,,,
USGS-05480603,00301,"Dissolved oxygen, % saturation (diss_oxy_sat)",False,False,0,,,,
USGS-05480603,00400,"pH, field (ph)",False,False,0,,,,
USGS-05480603,00095,Specific conductance (spec_cond),False,False,0,,,,
USGS-05480603,00060,Discharge (discharge / discharge_est),True,False,3,"00003,00011",ft^3/s,2013-02-08 00:00:00.000001+00:00,2014-10-02 00:00:00.000001+00:00
USGS-05480603,00065,"Gage height, ft (stage -- NOTE units: ft vs IWQIS m)",True,False,1,,ft,2013-05-27 00:00:00.000001+00:00,2014-06-30 00:00:00.000001+00:00
USGS-05480603,63680,"Turbidity, FNU (turbi_* )",False,False,0,,,,
USGS-05480603,00076,"Turbidity, NTU (alt for turbi_*)",False,False,0,,,,
USGS-05480603,32316,Chlorophyll fluorescence in situ (chloro_con),False,False,0,,,,
USGS-05480603,00671,Orthophosphate as P (phosphate_con),False,False,0,,,,
USGS-05480986,00010,"Temperature, water (temp_water)",False,False,0,,,,
USGS-05480986,99133,Nitrate+nitrite in situ as N (nitrate_con),True,False,2,"00003,00011",mg/l,2013-04-27 00:00:00.000001+00:00,2013-08-21 04:45:00.000001+00:00
USGS-05480986,99137,Nitrate in situ as N (alt for nitrate_con),False,False,0,,,,
USGS-05480986,00631,"Nitrate+nitrite, filtered lab as N (nitrate_con_int / grab)",False,False,0,,,,
USGS-05480986,00300,Dissolved oxygen (diss_oxy_con),False,False,0,,,,
USGS-05480986,00301,"Dissolved oxygen, % saturation (diss_oxy_sat)",False,False,0,,,,
USGS-05480986,00400,"pH, field (ph)",False,False,0,,,,
USGS-05480986,00095,Specific conductance (spec_cond),False,False,0,,,,
USGS-05480986,00060,Discharge (discharge / discharge_est),True,False,3,"00003,00011",ft^3/s,2013-02-13 00:00:00.000001+00:00,2013-11-04 05:45:00.000001+00:00
USGS-05480986,00065,"Gage height, ft (stage -- NOTE units: ft vs IWQIS m)",True,False,1,,ft,2013-06-24 00:00:00.000001+00:00,2013-06-24 00:00:00.000001+00:00
USGS-05480986,63680,"Turbidity, FNU (turbi_* )",False,False,0,,,,
USGS-05480986,00076,"Turbidity, NTU (alt for turbi_*)",False,False,0,,,,
USGS-05480986,32316,Chlorophyll fluorescence in situ (chloro_con),False,False,0,,,,
USGS-05480986,00671,Orthophosphate as P (phosphate_con),False,False,0,,,,
USGS-05481000,00010,"Temperature, water (temp_water)",True,True,2,"00003,00011",degC,2011-11-22 00:00:00.000001+00:00,2024-10-24 18:00:00.000001+00:00
USGS-05481000,99133,Nitrate+nitrite in situ as N (nitrate_con),True,True,2,"00003,00011",mg/l,2012-03-15 00:00:00.000001+00:00,2017-10-02 14:15:00.000001+00:00
USGS-05481000,99137,Nitrate in situ as N (alt for nitrate_con),False,False,0,,,,
USGS-05481000,00631,"Nitrate+nitrite, filtered lab as N (nitrate_con_int / grab)",False,False,0,,,,
USGS-05481000,00300,Dissolved oxygen (diss_oxy_con),False,False,0,,,,
USGS-05481000,00301,"Dissolved oxygen, % saturation (diss_oxy_sat)",False,False,0,,,,
USGS-05481000,00400,"pH, field (ph)",False,False,0,,,,
USGS-05481000,00095,Specific conductance (spec_cond),False,False,0,,,,
USGS-05481000,00060,Discharge (discharge / discharge_est),True,True,3,"00003,00011",ft^3/s,1918-06-10 00:00:00.000001+00:00,2026-06-15 08:00:00.000001+00:00
USGS-05481000,00065,"Gage height, ft (stage -- NOTE units: ft vs IWQIS m)",True,True,2,00011,ft,1918-06-10 00:00:00.000001+00:00,2026-06-15 08:00:00.000001+00:00
USGS-05481000,63680,"Turbidity, FNU (turbi_* )",False,False,0,,,,
USGS-05481000,00076,"Turbidity, NTU (alt for turbi_*)",False,False,0,,,,
USGS-05481000,32316,Chlorophyll fluorescence in situ (chloro_con),False,False,0,,,,
USGS-05481000,00671,Orthophosphate as P (phosphate_con),False,False,0,,,,
USGS-05482000,00010,"Temperature, water (temp_water)",True,True,3,"00003,00011",degC,2013-09-19 00:00:00.000001+00:00,2026-06-15 09:15:00.000001+00:00
USGS-05482000,99133,Nitrate+nitrite in situ as N (nitrate_con),True,True,2,"00003,00011",mg/l,2016-03-31 00:00:00.000001+00:00,2026-06-15 08:15:00.000001+00:00
USGS-05482000,99137,Nitrate in situ as N (alt for nitrate_con),False,False,0,,,,
USGS-05482000,00631,"Nitrate+nitrite, filtered lab as N (nitrate_con_int / grab)",False,False,0,,,,
USGS-05482000,00300,Dissolved oxygen (diss_oxy_con),False,False,0,,,,
USGS-05482000,00301,"Dissolved oxygen, % saturation (diss_oxy_sat)",False,False,0,,,,
USGS-05482000,00400,"pH, field (ph)",False,False,0,,,,
USGS-05482000,00095,Specific conductance (spec_cond),False,False,0,,,,
USGS-05482000,00060,Discharge (discharge / discharge_est),True,True,3,"00003,00011",ft^3/s,1902-07-10 00:00:00.000001+00:00,2026-06-15 08:15:00.000001+00:00
USGS-05482000,00065,"Gage height, ft (stage -- NOTE units: ft vs IWQIS m)",True,True,2,00011,ft,1903-05-31 00:00:00.000001+00:00,2026-06-15 08:15:00.000001+00:00
USGS-05482000,63680,"Turbidity, FNU (turbi_* )",False,False,0,,,,
USGS-05482000,00076,"Turbidity, NTU (alt for turbi_*)",False,False,0,,,,
USGS-05482000,32316,Chlorophyll fluorescence in situ (chloro_con),False,False,0,,,,
USGS-05482000,00671,Orthophosphate as P (phosphate_con),False,False,0,,,,
USGS-05482300,00010,"Temperature, water (temp_water)",True,True,2,"00003,00011",degC,2012-03-13 00:00:00.000001+00:00,2022-05-04 15:15:00.000001+00:00
USGS-05482300,99133,Nitrate+nitrite in situ as N (nitrate_con),True,True,2,"00003,00011",mg/l,2008-03-27 00:00:00.000001+00:00,2026-06-15 08:15:00.000001+00:00
USGS-05482300,99137,Nitrate in situ as N (alt for nitrate_con),False,False,0,,,,
USGS-05482300,00631,"Nitrate+nitrite, filtered lab as N (nitrate_con_int / grab)",False,False,0,,,,
USGS-05482300,00300,Dissolved oxygen (diss_oxy_con),False,False,0,,,,
USGS-05482300,00301,"Dissolved oxygen, % saturation (diss_oxy_sat)",False,False,0,,,,
USGS-05482300,00400,"pH, field (ph)",False,False,0,,,,
USGS-05482300,00095,Specific conductance (spec_cond),False,False,0,,,,
USGS-05482300,00060,Discharge (discharge / discharge_est),True,True,3,"00003,00011",ft^3/s,1954-06-21 00:00:00.000001+00:00,2026-06-15 08:15:00.000001+00:00
USGS-05482300,00065,"Gage height, ft (stage -- NOTE units: ft vs IWQIS m)",True,True,2,00011,ft,1954-06-21 00:00:00.000001+00:00,2026-06-15 08:15:00.000001+00:00
USGS-05482300,63680,"Turbidity, FNU (turbi_* )",False,False,0,,,,
USGS-05482300,00076,"Turbidity, NTU (alt for turbi_*)",False,False,0,,,,
USGS-05482300,32316,Chlorophyll fluorescence in situ (chloro_con),False,False,0,,,,
USGS-05482300,00671,Orthophosphate as P (phosphate_con),False,False,0,,,,
USGS-05482500,00010,"Temperature, water (temp_water)",True,True,2,"00003,00011",degC,2012-03-13 00:00:00.000001+00:00,2022-05-04 14:45:00.000001+00:00
USGS-05482500,99133,Nitrate+nitrite in situ as N (nitrate_con),True,True,2,"00003,00011",mg/l,2008-04-03 00:00:00.000001+00:00,2026-06-15 08:30:00.000001+00:00
USGS-05482500,99137,Nitrate in situ as N (alt for nitrate_con),False,False,0,,,,
USGS-05482500,00631,"Nitrate+nitrite, filtered lab as N (nitrate_con_int / grab)",False,False,0,,,,
USGS-05482500,00300,Dissolved oxygen (diss_oxy_con),False,False,0,,,,
USGS-05482500,00301,"Dissolved oxygen, % saturation (diss_oxy_sat)",False,False,0,,,,
USGS-05482500,00400,"pH, field (ph)",False,False,0,,,,
USGS-05482500,00095,Specific conductance (spec_cond),False,False,0,,,,
USGS-05482500,00060,Discharge (discharge / discharge_est),True,True,3,"00003,00011",ft^3/s,1940-03-01 00:00:00.000001+00:00,2026-06-15 08:15:00.000001+00:00
USGS-05482500,00065,"Gage height, ft (stage -- NOTE units: ft vs IWQIS m)",True,True,2,00011,ft,1940-08-28 00:00:00.000001+00:00,2026-06-15 08:15:00.000001+00:00
USGS-05482500,63680,"Turbidity, FNU (turbi_* )",False,False,0,,,,
USGS-05482500,00076,"Turbidity, NTU (alt for turbi_*)",False,False,0,,,,
USGS-05482500,32316,Chlorophyll fluorescence in situ (chloro_con),False,False,0,,,,
USGS-05482500,00671,Orthophosphate as P (phosphate_con),False,False,0,,,,
USGS-05483600,00010,"Temperature, water (temp_water)",True,False,1,00011,degC,,
USGS-05483600,99133,Nitrate+nitrite in situ as N (nitrate_con),True,False,1,00011,mg/l,2010-05-18 05:00:00.000001+00:00,2015-11-10 15:00:00.000001+00:00
USGS-05483600,99137,Nitrate in situ as N (alt for nitrate_con),False,False,0,,,,
USGS-05483600,00631,"Nitrate+nitrite, filtered lab as N (nitrate_con_int / grab)",False,False,0,,,,
USGS-05483600,00300,Dissolved oxygen (diss_oxy_con),False,False,0,,,,
USGS-05483600,00301,"Dissolved oxygen, % saturation (diss_oxy_sat)",False,False,0,,,,
USGS-05483600,00400,"pH, field (ph)",False,False,0,,,,
USGS-05483600,00095,Specific conductance (spec_cond),True,False,1,00011,uS/cm,,
USGS-05483600,00060,Discharge (discharge / discharge_est),True,True,3,"00003,00011",ft^3/s,1953-06-10 00:00:00.000001+00:00,2026-06-15 08:15:00.000001+00:00
USGS-05483600,00065,"Gage height, ft (stage -- NOTE units: ft vs IWQIS m)",True,True,2,00011,ft,1953-06-10 00:00:00.000001+00:00,2026-06-15 08:15:00.000001+00:00
USGS-05483600,63680,"Turbidity, FNU (turbi_* )",False,False,0,,,,
USGS-05483600,00076,"Turbidity, NTU (alt for turbi_*)",False,False,0,,,,
USGS-05483600,32316,Chlorophyll fluorescence in situ (chloro_con),False,False,0,,,,
USGS-05483600,00671,Orthophosphate as P (phosphate_con),False,False,0,,,,
USGS-05484000,00010,"Temperature, water (temp_water)",True,True,2,"00003,00011",degC,2016-03-01 00:00:00.000001+00:00,2024-09-03 17:45:00.000001+00:00
USGS-05484000,99133,Nitrate+nitrite in situ as N (nitrate_con),True,True,2,"00003,00011",mg/l,2016-03-03 00:00:00.000001+00:00,2026-06-15 07:45:00.000001+00:00
USGS-05484000,99137,Nitrate in situ as N (alt for nitrate_con),False,False,0,,,,
USGS-05484000,00631,"Nitrate+nitrite, filtered lab as N (nitrate_con_int / grab)",False,False,0,,,,
USGS-05484000,00300,Dissolved oxygen (diss_oxy_con),False,False,0,,,,
USGS-05484000,00301,"Dissolved oxygen, % saturation (diss_oxy_sat)",False,False,0,,,,
USGS-05484000,00400,"pH, field (ph)",False,False,0,,,,
USGS-05484000,00095,Specific conductance (spec_cond),False,False,0,,,,
USGS-05484000,00060,Discharge (discharge / discharge_est),True,True,3,"00003,00011",ft^3/s,1940-03-04 00:00:00.000001+00:00,2026-06-15 07:45:00.000001+00:00
USGS-05484000,00065,"Gage height, ft (stage -- NOTE units: ft vs IWQIS m)",True,True,2,00011,ft,1940-07-31 00:00:00.000001+00:00,2026-06-15 07:45:00.000001+00:00
USGS-05484000,63680,"Turbidity, FNU (turbi_* )",False,False,0,,,,
USGS-05484000,00076,"Turbidity, NTU (alt for turbi_*)",False,False,0,,,,
USGS-05484000,32316,Chlorophyll fluorescence in situ (chloro_con),False,False,0,,,,
USGS-05484000,00671,Orthophosphate as P (phosphate_con),False,False,0,,,,
USGS-05484500,00010,"Temperature, water (temp_water)",True,True,2,"00003,00011",degC,2012-03-14 00:00:00.000001+00:00,2024-06-04 19:00:00.000001+00:00
USGS-05484500,99133,Nitrate+nitrite in situ as N (nitrate_con),True,True,2,"00003,00011",mg/l,2012-03-02 00:00:00.000001+00:00,2026-06-15 08:00:00.000001+00:00
USGS-05484500,99137,Nitrate in situ as N (alt for nitrate_con),False,False,0,,,,
USGS-05484500,00631,"Nitrate+nitrite, filtered lab as N (nitrate_con_int / grab)",False,False,0,,,,
USGS-05484500,00300,Dissolved oxygen (diss_oxy_con),False,False,0,,,,
USGS-05484500,00301,"Dissolved oxygen, % saturation (diss_oxy_sat)",False,False,0,,,,
USGS-05484500,00400,"pH, field (ph)",False,False,0,,,,
USGS-05484500,00095,Specific conductance (spec_cond),False,False,0,,,,
USGS-05484500,00060,Discharge (discharge / discharge_est),True,True,3,"00003,00011",ft^3/s,1915-04-25 00:00:00.000001+00:00,2026-06-15 08:00:00.000001+00:00
USGS-05484500,00065,"Gage height, ft (stage -- NOTE units: ft vs IWQIS m)",True,True,2,00011,ft,1915-05-29 00:00:00.000001+00:00,2026-06-15 08:00:00.000001+00:00
USGS-05484500,63680,"Turbidity, FNU (turbi_* )",False,False,0,,,,
USGS-05484500,00076,"Turbidity, NTU (alt for turbi_*)",False,False,0,,,,
USGS-05484500,32316,Chlorophyll fluorescence in situ (chloro_con),False,False,0,,,,
USGS-05484500,00671,Orthophosphate as P (phosphate_con),False,False,0,,,,
USGS-06603750,00010,"Temperature, water (temp_water)",False,False,0,,,,
USGS-06603750,99133,Nitrate+nitrite in situ as N (nitrate_con),True,True,2,"00003,00011",mg/l,2016-05-05 00:00:00.000001+00:00,2017-10-04 20:00:00.000001+00:00
USGS-06603750,99137,Nitrate in situ as N (alt for nitrate_con),False,False,0,,,,
USGS-06603750,00631,"Nitrate+nitrite, filtered lab as N (nitrate_con_int / grab)",False,False,0,,,,
USGS-06603750,00300,Dissolved oxygen (diss_oxy_con),False,False,0,,,,
USGS-06603750,00301,"Dissolved oxygen, % saturation (diss_oxy_sat)",False,False,0,,,,
USGS-06603750,00400,"pH, field (ph)",False,False,0,,,,
USGS-06603750,00095,Specific conductance (spec_cond),False,False,0,,,,
USGS-06603750,00060,Discharge (discharge / discharge_est),False,False,0,,,,
USGS-06603750,00065,"Gage height, ft (stage -- NOTE units: ft vs IWQIS m)",False,False,0,,,,
USGS-06603750,63680,"Turbidity, FNU (turbi_* )",False,False,0,,,,
USGS-06603750,00076,"Turbidity, NTU (alt for turbi_*)",False,False,0,,,,
USGS-06603750,32316,Chlorophyll fluorescence in situ (chloro_con),False,False,0,,,,
USGS-06603750,00671,Orthophosphate as P (phosphate_con),False,False,0,,,,
USGS-06604440,00010,"Temperature, water (temp_water)",False,False,0,,,,
USGS-06604440,99133,Nitrate+nitrite in situ as N (nitrate_con),True,False,2,"00003,00011",mg/l,2012-06-01 00:00:00.000001+00:00,2015-10-01 05:00:00.000001+00:00
USGS-06604440,99137,Nitrate in situ as N (alt for nitrate_con),False,False,0,,,,
USGS-06604440,00631,"Nitrate+nitrite, filtered lab as N (nitrate_con_int / grab)",False,False,0,,,,
USGS-06604440,00300,Dissolved oxygen (diss_oxy_con),False,False,0,,,,
USGS-06604440,00301,"Dissolved oxygen, % saturation (diss_oxy_sat)",False,False,0,,,,
USGS-06604440,00400,"pH, field (ph)",False,False,0,,,,
USGS-06604440,00095,Specific conductance (spec_cond),False,False,0,,,,
USGS-06604440,00060,Discharge (discharge / discharge_est),True,True,3,"00003,00011",ft^3/s,2010-03-16 00:00:00.000001+00:00,2017-10-02 15:15:00.000001+00:00
USGS-06604440,00065,"Gage height, ft (stage -- NOTE units: ft vs IWQIS m)",True,True,2,00011,ft,2010-03-16 05:00:00.000001+00:00,2017-10-02 15:15:00.000001+00:00
USGS-06604440,63680,"Turbidity, FNU (turbi_* )",False,False,0,,,,
USGS-06604440,00076,"Turbidity, NTU (alt for turbi_*)",False,False,0,,,,
USGS-06604440,32316,Chlorophyll fluorescence in situ (chloro_con),False,False,0,,,,
USGS-06604440,00671,Orthophosphate as P (phosphate_con),False,False,0,,,,
USGS-06808500,00010,"Temperature, water (temp_water)",True,True,2,"00003,00011",degC,2016-03-02 00:00:00.000001+00:00,2026-06-15 08:00:00.000001+00:00
USGS-06808500,99133,Nitrate+nitrite in situ as N (nitrate_con),True,True,2,"00003,00011",mg/l,2016-03-02 00:00:00.000001+00:00,2026-06-15 08:00:00.000001+00:00
USGS-06808500,99137,Nitrate in situ as N (alt for nitrate_con),False,False,0,,,,
USGS-06808500,00631,"Nitrate+nitrite, filtered lab as N (nitrate_con_int / grab)",False,False,0,,,,
USGS-06808500,00300,Dissolved oxygen (diss_oxy_con),False,False,0,,,,
USGS-06808500,00301,"Dissolved oxygen, % saturation (diss_oxy_sat)",False,False,0,,,,
USGS-06808500,00400,"pH, field (ph)",False,False,0,,,,
USGS-06808500,00095,Specific conductance (spec_cond),False,False,0,,,,
USGS-06808500,00060,Discharge (discharge / discharge_est),True,True,3,"00003,00011",ft^3/s,1948-06-01 00:00:00.000001+00:00,2026-06-15 08:00:00.000001+00:00
USGS-06808500,00065,"Gage height, ft (stage -- NOTE units: ft vs IWQIS m)",True,True,2,00011,ft,1947-06-01 00:00:00.000001+00:00,2026-06-15 08:00:00.000001+00:00
USGS-06808500,63680,"Turbidity, FNU (turbi_* )",False,False,0,,,,
USGS-06808500,00076,"Turbidity, NTU (alt for turbi_*)",False,False,0,,,,
USGS-06808500,32316,Chlorophyll fluorescence in situ (chloro_con),False,False,0,,,,
USGS-06808500,00671,Orthophosphate as P (phosphate_con),False,False,0,,,,
USGS-06817000,00010,"Temperature, water (temp_water)",True,True,3,"00003,00011",degC,2012-09-13 00:00:00.000001+00:00,2026-06-15 09:30:00.000001+00:00
USGS-06817000,99133,Nitrate+nitrite in situ as N (nitrate_con),True,True,2,"00003,00011",mg/l,2012-05-30 00:00:00.000001+00:00,2026-06-15 04:30:00.000001+00:00
USGS-06817000,99137,Nitrate in situ as N (alt for nitrate_con),False,False,0,,,,
USGS-06817000,00631,"Nitrate+nitrite, filtered lab as N (nitrate_con_int / grab)",False,False,0,,,,
USGS-06817000,00300,Dissolved oxygen (diss_oxy_con),False,False,0,,,,
USGS-06817000,00301,"Dissolved oxygen, % saturation (diss_oxy_sat)",False,False,0,,,,
USGS-06817000,00400,"pH, field (ph)",False,False,0,,,,
USGS-06817000,00095,Specific conductance (spec_cond),True,False,1,00011,uS/cm,,
USGS-06817000,00060,Discharge (discharge / discharge_est),True,True,3,"00003,00011",ft^3/s,1918-05-17 00:00:00.000001+00:00,2026-06-15 08:15:00.000001+00:00
USGS-06817000,00065,"Gage height, ft (stage -- NOTE units: ft vs IWQIS m)",True,True,2,00011,ft,1903-08-01 00:00:00.000001+00:00,2026-06-15 08:15:00.000001+00:00
USGS-06817000,63680,"Turbidity, FNU (turbi_* )",False,False,0,,,,
USGS-06817000,00076,"Turbidity, NTU (alt for turbi_*)",False,False,0,,,,
USGS-06817000,32316,Chlorophyll fluorescence in situ (chloro_con),False,False,0,,,,
USGS-06817000,00671,Orthophosphate as P (phosphate_con),False,False,0,,,,
USGS-415959091441301,00010,"Temperature, water (temp_water)",True,True,4,"00003,00011",degC,2023-12-20 00:00:00.000001+00:00,2026-06-15 10:15:00.000001+00:00
USGS-415959091441301,99133,Nitrate+nitrite in situ as N (nitrate_con),True,False,2,"00003,00011",mg/l,2025-02-27 13:30:00.000001+00:00,2026-06-15 09:15:00.000001+00:00
USGS-415959091441301,99137,Nitrate in situ as N (alt for nitrate_con),False,False,0,,,,
USGS-415959091441301,00631,"Nitrate+nitrite, filtered lab as N (nitrate_con_int / grab)",False,False,0,,,,
USGS-415959091441301,00300,Dissolved oxygen (diss_oxy_con),False,False,0,,,,
USGS-415959091441301,00301,"Dissolved oxygen, % saturation (diss_oxy_sat)",False,False,0,,,,
USGS-415959091441301,00400,"pH, field (ph)",False,False,0,,,,
USGS-415959091441301,00095,Specific conductance (spec_cond),True,True,4,"00003,00011",uS/cm,2023-12-20 00:00:00.000001+00:00,2026-06-15 10:15:00.000001+00:00
USGS-415959091441301,00060,Discharge (discharge / discharge_est),False,False,0,,,,
USGS-415959091441301,00065,"Gage height, ft (stage -- NOTE units: ft vs IWQIS m)",False,False,0,,,,
USGS-415959091441301,63680,"Turbidity, FNU (turbi_* )",False,False,0,,,,
USGS-415959091441301,00076,"Turbidity, NTU (alt for turbi_*)",False,False,0,,,,
USGS-415959091441301,32316,Chlorophyll fluorescence in situ (chloro_con),False,False,0,,,,
USGS-415959091441301,00671,Orthophosphate as P (phosphate_con),False,False,0,,,,
