monitoring_location_id,parameter_code,parameter_name,statistic_id,unit_of_measure,begin,end,primary,time_series_id,overlaps_iwqis
USGS-05474500,00095,Specific cond at 25C,00003,uS/cm,2021-05-07 00:00:00.000001+00:00,2026-06-15 00:00:00.000001+00:00,Primary,004bd0e723244566a04a7e81d2d1cf16,True
USGS-05420500,00010,"Temperature, water",00003,degC,2015-03-17 00:00:00.000001+00:00,2021-07-08 00:00:00.000001+00:00,Primary,00ae8e81a3eb4af2a3dda499d8406545,True
USGS-05412500,80155,Suspnd sedmnt disch,00003,tons/day,1957-10-01 00:00:00.000001+00:00,1962-09-29 00:00:00.000001+00:00,Primary,00d465c2ea24468b9d740473b5a31774,False
USGS-05480603,00065,Gage height,,ft,2013-05-27 00:00:00.000001+00:00,2014-06-30 00:00:00.000001+00:00,Primary,0193e7d310c24f60a0daba66d0f110f5,False
USGS-05418400,99133,"NO3+NO2,water,insitu as N",00003,mg/l,2012-05-25 00:00:00.000001+00:00,2014-11-11 00:00:00.000001+00:00,Primary,01dcf9a3a5284446bb173ef0ee4ef051,False
USGS-06808500,00665,"Phosphorus, wu as P",00011,mg/l,2016-03-02 06:00:00.000001+00:00,2026-06-15 08:00:00.000001+00:00,Primary,0227ad387d9a475e96273c48f68f8165,True
USGS-05418720,00665,"Phosphorus, wu as P",00003,mg/l,,,Primary,02ca344dda494a23b8aeb7e09365c30f,False
USGS-05455100,83554,"NO3+NO2, w, total as N",00003,tons/day,2012-05-18 00:00:00.000001+00:00,2015-10-29 00:00:00.000001+00:00,Primary,02eda68a3e284388940203b6ff30ba75,False
USGS-05451210,00060,Discharge,,ft^3/s,1996-06-17 00:00:00.000001+00:00,2025-06-28 00:00:00.000001+00:00,Primary,03f4feacd7864b8485068f7e93f5a381,True
USGS-05418400,00060,Discharge,00011,ft^3/s,1998-04-30 05:00:00.000001+00:00,2026-06-15 08:00:00.000001+00:00,Primary,0408c08ce3714abf827edfc53ba7ba47,True
USGS-06604440,00060,Discharge,00011,ft^3/s,2010-03-16 05:00:00.000001+00:00,2017-10-02 15:15:00.000001+00:00,Primary,045623a84b5c42f3a6ba60df97a7347f,True
USGS-05451210,00300,Dissolved oxygen,00011,mg/l,2007-10-01 06:00:00.000001+00:00,2011-11-29 05:45:00.000001+00:00,Primary,04fd4a0c829c434ba4a7efbc5f0b7bcf,False
USGS-05464420,00060,Discharge,00003,ft^3/s,2009-03-25 00:00:00.000001+00:00,2026-06-13 00:00:00.000001+00:00,Primary,0507c255551344f884703db5fe73181f,True
USGS-05482000,80154,Suspnd sedmnt conc,00003,mg/l,1954-11-03 00:00:00.000001+00:00,1961-09-30 00:00:00.000001+00:00,Primary,05dfdb9e56fc4b34ad3b3717ae010026,False
USGS-05474500,99133,"NO3+NO2,water,insitu as N",00003,mg/l,2023-04-13 00:00:00.000001+00:00,2026-06-15 00:00:00.000001+00:00,Primary,06c041c93fd8439fbc99a25d31fe2d74,True
USGS-05483600,00060,Discharge,00011,ft^3/s,1986-10-03 05:00:00.000001+00:00,2026-06-15 08:15:00.000001+00:00,Primary,071ccd3397d542f7b081e39037cdc7e9,True
USGS-05464500,00060,Discharge,00011,ft^3/s,1992-10-01 05:15:00.000001+00:00,2026-06-15 08:00:00.000001+00:00,Primary,072ece4c6f2a4d9187b6f51f181c1860,True
USGS-06604440,99133,"NO3+NO2,water,insitu as N",00003,mg/l,2012-06-01 00:00:00.000001+00:00,2015-09-30 00:00:00.000001+00:00,Primary,07496d85db6947d1ab2a71f0a06ecc42,False
USGS-05420500,00095,Specific cond at 25C,00011,uS/cm,,,Primary,074c0a8869c84f23b68b5fc419dd04ea,False
USGS-05418720,00065,Gage height,,ft,2014-07-02 00:00:00.000001+00:00,2019-03-15 00:00:00.000001+00:00,Primary,07780c99413c428791bfa7e2bcfff3cb,True
USGS-05464420,83554,"NO3+NO2, w, total as N",00003,tons/day,2012-10-14 00:00:00.000001+00:00,2026-06-15 00:00:00.000001+00:00,Primary,082261c3b6804d21bdd76bb15179c83e,True
USGS-05484500,00060,Discharge,,ft^3/s,1915-05-29 00:00:00.000001+00:00,2025-07-30 00:00:00.000001+00:00,Primary,0844693674724299934613e15778dabd,True
USGS-05420500,00095,Specific cond at 25C,00003,uS/cm,2015-03-17 00:00:00.000001+00:00,2021-07-31 00:00:00.000001+00:00,Primary,08a92de779864cf4a2465b03bd0e9338,True
USGS-05420500,00065,Gage height,00011,ft,2007-10-01 06:00:00.000001+00:00,2026-06-15 08:30:00.000001+00:00,Primary,08d1a68d2303438893388b2e6be15909,True
USGS-05482000,83554,"NO3+NO2, w, total as N",00003,tons/day,2023-06-15 00:00:00.000001+00:00,2026-06-15 00:00:00.000001+00:00,Primary,09218c46ce5244d3873906a80e005685,True
USGS-05464420,00010,"Temperature, water",00011,degC,2012-10-13 05:00:00.000001+00:00,2018-09-17 18:15:00.000001+00:00,Primary,0946f73e8702449c94e5388bc3a216e0,True
USGS-05484000,72213,"Turbidity, FBRU",00003,_FBRU,2016-03-02 00:00:00.000001+00:00,2024-08-31 00:00:00.000001+00:00,Primary,099153a47bc3469195709b746945c3db,True
USGS-05464420,00065,Gage height,00011,ft,2009-03-26 05:00:00.000001+00:00,2026-06-15 08:15:00.000001+00:00,Primary,0a23e06120dc493bb597c45867909208,True
USGS-05464420,00665,"Phosphorus, wu as P",00011,mg/l,2023-06-19 00:00:00.000001+00:00,2026-06-15 10:15:00.000001+00:00,Primary,0b490eaffab34aed911864d955bb2fed,True
USGS-05418110,00060,Discharge,00003,ft^3/s,2012-04-12 00:00:00.000001+00:00,2016-07-18 00:00:00.000001+00:00,Primary,0c7a73564e594361b20b2340042e56a7,False
USGS-05465500,00060,Discharge,00003,ft^3/s,1914-10-01 00:00:00.000001+00:00,2026-06-13 00:00:00.000001+00:00,Primary,0cfcd6a5682444aab2bb6c891a012a9f,True
USGS-05464475,83554,"NO3+NO2, w, total as N",00003,tons/day,2023-06-15 00:00:00.000001+00:00,2026-06-15 00:00:00.000001+00:00,Primary,0d4f46fc724c46228cb9a11ea16b41e4,True
USGS-05465500,00010,"Temperature, water",00003,degC,2011-10-01 00:00:00.000001+00:00,2018-04-22 00:00:00.000001+00:00,Primary,0d9ad22bcb7d44b5bd0042835f5bc9ac,True
USGS-05420500,00010,"Temperature, water",00011,degC,2012-07-26 05:00:00.000001+00:00,2026-06-15 08:30:00.000001+00:00,Primary,0ed0be2f568c4eee9ecc4086a6fb0239,True
USGS-05451210,00095,Specific cond at 25C,00003,uS/cm,2005-10-01 00:00:00.000001+00:00,2011-11-28 00:00:00.000001+00:00,Primary,0f6e250ce4a746968752d7b54832d9cb,False
USGS-05418400,99133,"NO3+NO2,water,insitu as N",00011,mg/l,2013-05-30 05:00:00.000001+00:00,2013-06-16 04:45:00.000001+00:00,Primary,1153a62e70654ee2bfdc1d3f62fa3554,False
USGS-05480603,00060,Discharge,00003,ft^3/s,2013-02-08 00:00:00.000001+00:00,2014-10-02 00:00:00.000001+00:00,Primary,125c20853f054d8f9b751a9e085d12fe,False
USGS-06817000,80154,Suspnd sedmnt conc,00003,mg/l,1975-10-01 00:00:00.000001+00:00,1992-09-29 00:00:00.000001+00:00,Primary,14115b697cc748cba6c657b946964c68,False
USGS-05455100,99133,"NO3+NO2,water,insitu as N",00011,mg/l,2012-05-18 05:00:00.000001+00:00,2015-10-31 04:45:00.000001+00:00,Primary,14f8f25aaad3458a932cdd71778696b8,False
USGS-05481000,00010,"Temperature, water",00003,degC,2011-11-22 00:00:00.000001+00:00,2024-10-23 00:00:00.000001+00:00,Primary,153070ae120e4d149bc2467309935f31,True
USGS-05474500,00010,"Temperature, water",00003,degC,2021-05-07 00:00:00.000001+00:00,2026-06-15 00:00:00.000001+00:00,Primary,157e2c9f5bf54d6e8afa327d9cf372fe,True
USGS-05418110,99133,"NO3+NO2,water,insitu as N",00003,mg/l,2012-05-16 00:00:00.000001+00:00,2014-11-12 00:00:00.000001+00:00,Primary,15e729d211ff4e11822bd83db553e40a,False
USGS-415959091441301,99133,"NO3+NO2,water,insitu as N",00003,mg/l,2025-02-28 00:00:00.000001+00:00,2026-06-14 00:00:00.000001+00:00,Primary,16d1b440c73b43e395889966f72c75d5,False
USGS-05420500,00010,"Temperature, water",00002,degC,1977-10-01 00:00:00.000001+00:00,1986-09-29 00:00:00.000001+00:00,Primary,178147023b65448a93f7e9ae3ec8ee96,False
USGS-05418400,00301,Diss oxygen saturtn,00011,%,2013-05-11 05:00:00.000001+00:00,2013-08-06 04:59:55.000001+00:00,Primary,17a200d6d49b498c84d9c9b538454435,False
USGS-05412500,00060,Discharge,00003,ft^3/s,1913-08-08 00:00:00.000001+00:00,2026-06-13 00:00:00.000001+00:00,Primary,18f3de0a993a499cade13ad5d72c0fbc,True
USGS-05451210,63675,"Turbidity, NTU",00003,_NTU,2010-04-23 00:00:00.000001+00:00,2011-11-29 00:00:00.000001+00:00,Primary,1a81e51cfa8148caaa19c46185176b51,False
USGS-05418720,00665,"Phosphorus, wu as P",00011,mg/l,,,Primary,1aa109392e294f9cba8b493930c43278,False
USGS-05451210,00065,Gage height,,ft,1996-02-10 00:00:00.000001+00:00,2025-06-28 00:00:00.000001+00:00,Primary,1ae17b2f49794cd2be759de90ecc078b,True
USGS-05481000,83554,"NO3+NO2, w, total as N",00003,tons/day,2012-03-15 00:00:00.000001+00:00,2017-10-01 00:00:00.000001+00:00,Primary,1b182dbc47a4489ea879a2e7e69a848c,True
USGS-05483600,00065,Gage height,,ft,1953-06-10 00:00:00.000001+00:00,2025-06-24 00:00:00.000001+00:00,Primary,1bcf54ef2e2b471d9a88c74c6d3c2fed,True
USGS-05465500,00065,Gage height,,ft,1912-04-03 00:00:00.000001+00:00,2025-08-02 00:00:00.000001+00:00,Primary,1ca262e1acf64cbdb1d1958ba9e897c9,True
USGS-05484000,99133,"NO3+NO2,water,insitu as N",00003,mg/l,2016-03-03 00:00:00.000001+00:00,2026-06-15 00:00:00.000001+00:00,Primary,1db57969ea1d470fadd5a07f8aa55915,True
USGS-05464475,00060,Discharge,00003,ft^3/s,2019-04-17 00:00:00.000001+00:00,2026-06-13 00:00:00.000001+00:00,Primary,1e7e139286514f30b5d21aa583469947,True
USGS-05420500,83554,"NO3+NO2, w, total as N",00003,tons/day,,,Primary,1e91ba1a5e8046ce923d85998cb3fb23,False
USGS-0546494205,99133,"NO3+NO2,water,insitu as N",00003,mg/l,,,Primary,1f3b9cb244134c24a792c6df0544f14f,False
USGS-05465500,63680,"Turbidity, FNU",00003,_FNU,2014-05-21 00:00:00.000001+00:00,2015-11-10 00:00:00.000001+00:00,Primary,1f651fbefc8842b79d5e059d84b95c60,False
USGS-05464420,00400,pH,00008,pH Units,2022-03-16 00:00:00.000001+00:00,2026-06-15 00:00:00.000001+00:00,Primary,1fe0d769fdd946a2a9284944196d6bf3,True
USGS-05455100,00060,Discharge,,ft^3/s,1951-08-28 00:00:00.000001+00:00,2025-07-12 00:00:00.000001+00:00,Primary,208b6abfa61e4dca89847d92453e51b1,True
USGS-05480986,99133,"NO3+NO2,water,insitu as N",00003,mg/l,2013-04-27 00:00:00.000001+00:00,2013-08-21 00:00:00.000001+00:00,Primary,2234e9135f154ca0876be315ee13752a,False
USGS-05480986,00060,Discharge,,ft^3/s,2013-06-24 00:00:00.000001+00:00,2013-06-24 00:00:00.000001+00:00,Primary,225280deabda46cdb1915960f543ca61,False
USGS-05483600,00060,Discharge,00003,ft^3/s,1958-06-24 00:00:00.000001+00:00,2026-06-13 00:00:00.000001+00:00,Primary,23729895d3904a5babc42ef67a040203,True
USGS-05418400,00300,Dissolved oxygen,00003,mg/l,2013-05-11 00:00:00.000001+00:00,2013-08-05 00:00:00.000001+00:00,Primary,240ece9f26bb43a384e9992f7dd59db6,False
USGS-05412500,99133,"NO3+NO2,water,insitu as N",00011,mg/l,2012-05-09 05:00:00.000001+00:00,2026-06-15 08:15:00.000001+00:00,Primary,259f835c12274b778750b4accf1ab109,True
USGS-05464420,91007,"Phosphorus, wu",00003,tons/day,2023-06-15 00:00:00.000001+00:00,2026-06-15 00:00:00.000001+00:00,Primary,261f0456932b453e9aa3ae13e6de460b,True
USGS-05412500,72213,"Turbidity, FBRU",00011,_FBRU,2018-03-27 21:05:00.000001+00:00,2026-06-15 05:15:00.000001+00:00,Primary,263030b770a145bb88d52560d147f81a,True
USGS-05484000,00060,Discharge,,ft^3/s,1940-07-31 00:00:00.000001+00:00,2025-07-30 00:00:00.000001+00:00,Primary,263c259a0191449ebc51ca8188e45e85,True
USGS-05420500,00060,Discharge,,ft^3/s,1874-05-17 00:00:00.000001+00:00,2025-07-11 00:00:00.000001+00:00,Primary,298bc51df2dc4ac88ebf7a1f1f8e62f6,True
USGS-06817000,00095,Specific cond at 25C,00011,uS/cm,,,Primary,29c368856ea64f38b4b3824d3a50cd76,False
USGS-05418400,00065,Gage height,,ft,1999-05-18 00:00:00.000001+00:00,2025-08-11 00:00:00.000001+00:00,Primary,2c440da1a5e14b04b3cf4e529a4716c5,True
USGS-05418720,00065,Gage height,00011,ft,2014-04-10 05:00:00.000001+00:00,2020-02-03 21:45:00.000001+00:00,Primary,2d0ae756c933471dbf9dc5f45fb35e0e,True
USGS-05464500,83554,"NO3+NO2, w, total as N",00003,tons/day,2009-04-14 00:00:00.000001+00:00,2012-09-29 00:00:00.000001+00:00,Primary,2d62db35fa2c47e5acf297657e230e30,False
USGS-05420500,00065,Gage height,,ft,1874-01-01 00:00:00.000001+00:00,2025-07-13 00:00:00.000001+00:00,Primary,2e2ba341dadd465dbd62bd524384c861,True
USGS-0546494205,00010,"Temperature, water",00011,degC,,,Primary,2efe16dc769e4d0fa7d3bcd33cbf423f,False
USGS-05474500,63680,"Turbidity, FNU",00003,_FNU,2021-05-07 00:00:00.000001+00:00,2026-06-15 00:00:00.000001+00:00,Primary,2f91eaa315b643fa957350794d731f0e,True
USGS-05412500,00010,"Temperature, water",00011,degC,2012-05-30 05:00:00.000001+00:00,2026-06-15 09:15:00.000001+00:00,Primary,30308cf243344d9c8cde1b784159fe7f,True
USGS-05480603,99133,"NO3+NO2,water,insitu as N",00003,mg/l,2013-06-14 00:00:00.000001+00:00,2014-10-02 00:00:00.000001+00:00,Primary,3049787088224a5cbde3309d3c07dc24,False
USGS-05474500,32316,"fChl, water, in situ",00003,ug/l,2021-05-07 00:00:00.000001+00:00,2026-06-14 00:00:00.000001+00:00,Primary,33adab6065a04edeadf2ef40a523894f,True
USGS-06808500,00665,"Phosphorus, wu as P",00003,mg/l,2016-03-02 00:00:00.000001+00:00,2026-06-15 00:00:00.000001+00:00,Primary,341f8b5695b04b7ebe9c34f068cc47b5,True
USGS-05465500,90095,"SpecCond,wu25degCLab",00011,uS/cm,,,Primary,34887e9f6ce84f698e6f781594285b5b,False
USGS-05481000,00060,Discharge,,ft^3/s,1918-06-10 00:00:00.000001+00:00,2025-07-21 00:00:00.000001+00:00,Primary,35b046a96ab0457a9bf8cf616e52e18a,True
USGS-415959091441301,00095,Specific cond at 25C,00003,uS/cm,2025-03-10 00:00:00.000001+00:00,2026-06-15 00:00:00.000001+00:00,Primary,363b115fc5c448bb8454307761b9112e,False
USGS-05418400,32295,"fDOM, water, in situ",00003,QSE,2013-05-11 00:00:00.000001+00:00,2013-08-04 00:00:00.000001+00:00,Primary,3674cca183d640c48fc4b20d598066d5,False
USGS-06817000,99133,"NO3+NO2,water,insitu as N",00003,mg/l,2012-05-30 00:00:00.000001+00:00,2026-06-15 00:00:00.000001+00:00,Primary,3a2ba294f0c1440d8c37dae829404b24,True
USGS-05464420,00010,"Temperature, water",00011,degC,2018-08-03 16:45:00.000001+00:00,2026-06-15 08:15:00.000001+00:00,Primary,3a5074bf277f47c8935a80879fac72b6,True
USGS-05418400,00010,"Temperature, water",00003,degC,2013-05-11 00:00:00.000001+00:00,2013-08-20 00:00:00.000001+00:00,Primary,3d29a8412d044aaeb7d2c7e68522d7b5,False
USGS-05482300,00065,Gage height,00011,ft,2007-10-01 06:00:00.000001+00:00,2026-06-15 08:15:00.000001+00:00,Primary,3d4ac6d9cd3e419db4f9c84356646afe,True
USGS-06604440,00065,Gage height,00011,ft,2010-03-16 05:00:00.000001+00:00,2017-10-02 15:15:00.000001+00:00,Primary,3d66f00a66114cf9b4b5fafdaa5f7f28,True
USGS-05474500,00060,Discharge,00003,ft^3/s,1878-01-01 00:00:00.000001+00:00,2026-03-31 00:00:00.000001+00:00,Primary,3dbf1da95502430ba4d8f4b88db41fda,True
USGS-05420500,99133,"NO3+NO2,water,insitu as N",00011,mg/l,2017-03-07 22:15:00.000001+00:00,2021-08-02 05:45:00.000001+00:00,Primary,3dea7ae19d9447b080955bac0f10607d,True
USGS-05481000,00010,"Temperature, water",00011,degC,2011-11-22 06:00:00.000001+00:00,2024-10-24 18:00:00.000001+00:00,Primary,3e46be4944b44991ace2115f656f98e0,True
USGS-415959091441301,00010,"Temperature, water",00011,degC,2023-12-20 17:00:00.000001+00:00,2026-06-02 18:30:00.000001+00:00,Primary,3e9ad1bc4d334904a5b5cfcdb516faab,True
USGS-06808500,00060,Discharge,00003,ft^3/s,1948-06-01 00:00:00.000001+00:00,2026-06-13 00:00:00.000001+00:00,Primary,3f6c731f18294ee0b417a3dd3ce0762f,True
USGS-06817000,99133,"NO3+NO2,water,insitu as N",00011,mg/l,2012-05-30 05:00:00.000001+00:00,2026-06-15 04:30:00.000001+00:00,Primary,4014d03a7334438f80bd5e30a8e46cd0,True
USGS-05412500,99133,"NO3+NO2,water,insitu as N",00003,mg/l,2012-05-09 00:00:00.000001+00:00,2026-06-15 00:00:00.000001+00:00,Primary,40c2d66ff43c436187643f511ffdcbdc,True
USGS-06817000,00010,"Temperature, water",00003,degC,2012-09-13 00:00:00.000001+00:00,2026-06-14 00:00:00.000001+00:00,Primary,420899457156459aa4dbdc9b5228fcb3,True
USGS-05482500,00060,Discharge,00003,ft^3/s,1940-03-01 00:00:00.000001+00:00,2026-06-14 00:00:00.000001+00:00,Primary,422c7385d7794103a17aa58756353968,True
USGS-05482000,00060,Discharge,00011,ft^3/s,1996-10-01 06:00:00.000001+00:00,2026-06-15 08:15:00.000001+00:00,Primary,43bba0c0c082494a8b5e11a71acfdf2e,True
USGS-05418400,72213,"Turbidity, FBRU",00003,_FBRU,2012-05-25 00:00:00.000001+00:00,2014-11-11 00:00:00.000001+00:00,Primary,44b5f7a83bde43a6ba779dd02e242cc1,False
USGS-05418720,99133,"NO3+NO2,water,insitu as N",00003,mg/l,2014-05-23 00:00:00.000001+00:00,2018-10-22 00:00:00.000001+00:00,Primary,45144cfc38bc41c5bfcf29af7ce91a26,True
USGS-05418400,00065,Gage height,00011,ft,2007-10-01 06:00:00.000001+00:00,2026-06-15 08:00:00.000001+00:00,Primary,4567c424058144108baee610c79fff8d,True
USGS-05418720,00060,Discharge,00011,ft^3/s,2014-04-13 05:00:00.000001+00:00,2018-10-04 16:00:00.000001+00:00,Primary,457f9a25ed554ec6944e8f4d8153594f,True
USGS-05464500,99133,"NO3+NO2,water,insitu as N",00011,mg/l,2009-04-14 05:00:00.000001+00:00,2012-10-01 05:00:00.000001+00:00,Primary,459818fb77d74a53bc3dea6bc18fcb73,False
USGS-05412500,00060,Discharge,,ft^3/s,1902-05-18 00:00:00.000001+00:00,2025-08-10 00:00:00.000001+00:00,Primary,463657112d5d45d4b6dc9e59c726e8ea,True
USGS-05418400,00010,"Temperature, water",00011,degC,2013-05-11 05:00:00.000001+00:00,2013-08-21 04:59:08.000001+00:00,Primary,46b03611b0334a60b2ea7e80d9d22d0e,False
USGS-06808500,72213,"Turbidity, FBRU",00011,_FBRU,2016-03-02 06:00:00.000001+00:00,2026-06-15 08:00:00.000001+00:00,Primary,472544bad1c04989aadaedc71be19dce,True
USGS-05480986,99133,"NO3+NO2,water,insitu as N",00011,mg/l,2013-04-27 05:00:00.000001+00:00,2013-08-21 04:45:00.000001+00:00,Primary,475532ead15a4e0f9a018038485df3e9,False
USGS-05420500,99133,"NO3+NO2,water,insitu as N",00003,mg/l,2015-03-27 00:00:00.000001+00:00,2016-07-16 00:00:00.000001+00:00,Primary,48100251c42e4a458f5bdbe36714b8c6,False
USGS-05420500,00300,Dissolved oxygen,00003,mg/l,2015-03-17 00:00:00.000001+00:00,2021-07-31 00:00:00.000001+00:00,Primary,4824211242c94d8ebe8bb5b98bfe45df,True
USGS-05451210,32295,"fDOM, water, in situ",00011,QSE,2013-05-14 05:00:00.000001+00:00,2013-11-18 05:45:46.000001+00:00,Primary,49cceef9e288463abaffa802ca537d1c,False
USGS-05484000,00065,Gage height,00011,ft,2007-10-01 06:00:00.000001+00:00,2026-06-15 07:45:00.000001+00:00,Primary,4a2def3c00b8483da70093b6c31428ab,True
USGS-05418110,00065,Gage height,00011,ft,,,,4a68a8c10318491e8a172305c935a9e1,False
USGS-05418720,91007,"Phosphorus, wu",00003,tons/day,,,Primary,4a99323e28e74139ad5426ef947a6488,False
USGS-05464420,00010,"Temperature, water",00003,degC,2012-10-13 00:00:00.000001+00:00,2018-09-16 00:00:00.000001+00:00,Primary,4ad345c7a543474bb4650437505750c4,True
USGS-05484000,00065,Gage height,,ft,1940-07-31 00:00:00.000001+00:00,2025-07-30 00:00:00.000001+00:00,Primary,4b3c53fb920149debac0ec40f2e00840,True
USGS-05483600,90095,"SpecCond,wu25degCLab",00011,uS/cm,,,Primary,4b9786ea0f58476e99e71b969deedd42,False
USGS-05420500,00400,pH,00011,pH Units,2015-03-16 18:45:00.000001+00:00,2021-08-02 05:45:00.000001+00:00,Primary,4c4623456d774fc39dbc0129909b7223,True
USGS-05418400,00060,Discharge,,ft^3/s,1999-05-18 00:00:00.000001+00:00,2025-08-11 00:00:00.000001+00:00,Primary,4c9047fbf35d4c7ab20b1b0d01710bec,True
USGS-05464420,99133,"NO3+NO2,water,insitu as N",00011,mg/l,2012-10-14 05:00:00.000001+00:00,2026-06-15 08:15:00.000001+00:00,Primary,4cfc2f25ee8244399aed6f8e87892385,True
USGS-05481000,00065,Gage height,,ft,1918-06-10 00:00:00.000001+00:00,2025-07-21 00:00:00.000001+00:00,Primary,4d3f600d869849a381772a67075b9ffc,True
USGS-05482000,80155,Suspnd sedmnt disch,00003,tons/day,1954-11-01 00:00:00.000001+00:00,1961-09-30 00:00:00.000001+00:00,Primary,4dfa3ab91cb54511945ae0ab321f61cf,False
USGS-05482300,00060,Discharge,00003,ft^3/s,1958-06-01 00:00:00.000001+00:00,2026-06-14 00:00:00.000001+00:00,Primary,4e85f3e8fa434c51b5d78078ba36fe47,True
USGS-0546494205,99133,"NO3+NO2,water,insitu as N",00011,mg/l,,,Primary,4e87440d48804c92a0cf452e63daaf8c,False
USGS-05420500,90095,"SpecCond,wu25degCLab",00011,uS/cm,,,Primary,4ea042643dba43119290192c7f0e093b,False
USGS-415959091441301,00010,"Temperature, water",00011,degC,2025-02-27 13:30:00.000001+00:00,2026-06-15 10:15:00.000001+00:00,Primary,4f355b4f8f8443b79be94b5fc852deb7,False
USGS-05482000,00060,Discharge,,ft^3/s,1902-07-10 00:00:00.000001+00:00,2025-08-01 00:00:00.000001+00:00,Primary,4f4fdea2ae4448019caf990fc991ea0b,True
USGS-06808500,00060,Discharge,,ft^3/s,1949-03-05 00:00:00.000001+00:00,2025-08-10 00:00:00.000001+00:00,Primary,4feceabd54ad4f098d873209672f5fc7,True
USGS-05451210,00301,Diss oxygen saturtn,00003,%,2013-05-14 00:00:00.000001+00:00,2013-11-17 00:00:00.000001+00:00,Primary,536e85cc7d3e4848b8e24219688765f0,False
USGS-05420500,00400,pH,00008,pH Units,2015-03-17 00:00:00.000001+00:00,2021-07-31 00:00:00.000001+00:00,Primary,560531f215034405be5df16af0cd1c94,True
USGS-05464475,00060,Discharge,,ft^3/s,2019-05-19 00:00:00.000001+00:00,2025-07-12 00:00:00.000001+00:00,Primary,561fb657c2b345299cd0c44ec78c3331,True
USGS-05451210,00010,"Temperature, water",00003,degC,2005-10-01 00:00:00.000001+00:00,2011-11-28 00:00:00.000001+00:00,Primary,56e7e5311f60446fa8cea54ac5c7cac8,False
USGS-05484000,91007,"Phosphorus, wu",00003,tons/day,2016-03-03 00:00:00.000001+00:00,2026-06-14 00:00:00.000001+00:00,Primary,57173ad290dd4258b257a7b59a34d2a4,True
USGS-05474500,00095,Specific cond at 25C,00011,uS/cm,2021-05-06 21:15:00.000001+00:00,2026-06-15 05:45:00.000001+00:00,Primary,5721a8560eb945218c87ca98158b217e,True
USGS-06808500,99133,"NO3+NO2,water,insitu as N",00003,mg/l,2016-03-02 00:00:00.000001+00:00,2026-06-15 00:00:00.000001+00:00,Primary,577eac8df85247e2bd86ff16b8b4862b,True
USGS-05420500,00010,"Temperature, water",00011,degC,2015-03-17 05:00:00.000001+00:00,2021-07-09 06:45:00.000001+00:00,Primary,59c88ffc78a94bada4478cf80d008ac5,True
USGS-05464420,00300,Dissolved oxygen,00003,mg/l,2018-08-03 00:00:00.000001+00:00,2026-06-15 00:00:00.000001+00:00,Primary,5b2851ca189e4e37a7f3ab03d67ea3be,True
USGS-05474500,00095,Specific cond at 25C,00011,uS/cm,,,Primary,5b8a89fc2ce14838b53751d0847cf46a,False
USGS-05451210,99133,"NO3+NO2,water,insitu as N",00003,mg/l,2010-07-30 00:00:00.000001+00:00,2011-11-28 00:00:00.000001+00:00,Primary,5bbe233e80d24a559b325e2a317d3beb,False
USGS-05418400,00400,pH,00011,pH Units,2013-05-11 05:00:00.000001+00:00,2013-08-06 04:59:55.000001+00:00,Primary,5c214107bd3549e0b89758ce0724c79e,False
USGS-05412500,83554,"NO3+NO2, w, total as N",00003,tons/day,2012-05-09 00:00:00.000001+00:00,2026-06-15 00:00:00.000001+00:00,Primary,5c4b4c3700d94a498c0d1daf00c7a5bf,True
USGS-05464420,63680,"Turbidity, FNU",00003,_FNU,2018-08-03 00:00:00.000001+00:00,2026-06-15 00:00:00.000001+00:00,Primary,5e33b3d42e8b4f61bc1058fb17564b3e,True
USGS-05464500,80155,Suspnd sedmnt disch,00003,tons/day,1943-10-01 00:00:00.000001+00:00,1954-09-30 00:00:00.000001+00:00,Primary,5ea61630c7a9494090f625012038c0a6,False
USGS-06817000,00065,Gage height,00011,ft,2007-10-01 06:00:00.000001+00:00,2026-06-15 08:15:00.000001+00:00,Primary,5fad133ec1144901ae2cefbc70f48788,True
USGS-05451210,99133,"NO3+NO2,water,insitu as N",00011,mg/l,2010-07-30 05:00:00.000001+00:00,2011-11-29 05:45:00.000001+00:00,Primary,5febb1614666434c9a1d7d9dd9184550,False
USGS-06603750,99133,"NO3+NO2,water,insitu as N",00011,mg/l,2016-05-05 06:00:00.000001+00:00,2017-10-04 20:00:00.000001+00:00,Primary,603d9a72a03d483eb622b4165330eb6a,True
USGS-05483600,80154,Suspnd sedmnt conc,00003,mg/l,1979-03-24 00:00:00.000001+00:00,1985-09-29 00:00:00.000001+00:00,Primary,63ca3d0e567e428896f9dd75fe6e8b09,False
USGS-05451210,70953,"Chloro a, phyto, cf",00011,ug/l,,,,6402d4d6ac204592a8049709b3bcbd4f,False
USGS-05465500,83554,"NO3+NO2, w, total as N",00003,tons/day,2009-06-03 00:00:00.000001+00:00,2026-06-15 00:00:00.000001+00:00,Primary,64167a63487b4290a25280367e66eb16,True
USGS-05484500,99133,"NO3+NO2,water,insitu as N",00011,mg/l,2012-03-02 06:00:00.000001+00:00,2026-06-15 08:00:00.000001+00:00,Primary,643f6fbebc0043698e615c306d657817,True
USGS-05482500,00010,"Temperature, water",00011,degC,2012-03-13 05:00:00.000001+00:00,2022-05-04 14:45:00.000001+00:00,Primary,64bb1245fb3e4387a8c88e5254769cff,True
USGS-05412500,00060,Discharge,00011,ft^3/s,1990-10-01 05:15:00.000001+00:00,2026-06-15 08:15:00.000001+00:00,Primary,64d3f050eef14d1482574af3fa9a7681,True
USGS-05482500,83554,"NO3+NO2, w, total as N",00003,tons/day,2008-04-03 00:00:00.000001+00:00,2026-06-15 00:00:00.000001+00:00,Primary,65aecfdc99f84136a4c9433cedddc194,True
USGS-05418720,99133,"NO3+NO2,water,insitu as N",00011,mg/l,2014-05-23 05:00:00.000001+00:00,2018-10-23 14:30:00.000001+00:00,Primary,66066968565b4c5aa0742e1584be99fe,True
USGS-05482300,00010,"Temperature, water",00003,degC,2012-03-13 00:00:00.000001+00:00,2022-05-03 00:00:00.000001+00:00,Primary,66a40c19d51145aeaa05e5878f0c3334,True
USGS-05474500,00010,"Temperature, water",00011,degC,,,Primary,67dad7372f964a6db7b4f53eabb6a3b4,False
USGS-05418400,83554,"NO3+NO2, w, total as N",00003,tons/day,2012-05-25 00:00:00.000001+00:00,2014-11-11 00:00:00.000001+00:00,Primary,68223f52e4984b19b40ba4d95de23c18,False
USGS-05482500,99133,"NO3+NO2,water,insitu as N",00003,mg/l,2008-04-03 00:00:00.000001+00:00,2026-06-15 00:00:00.000001+00:00,Primary,685f82726b564c34aedb9efca9493f4b,True
USGS-05484000,00010,"Temperature, water",00003,degC,2016-03-01 00:00:00.000001+00:00,2024-08-31 00:00:00.000001+00:00,Primary,692bdc41bae543de9b6e4aa8b0b6b2dc,True
USGS-05451210,00045,Precipitation,00006,in,1995-10-25 00:00:00.000001+00:00,2008-09-29 00:00:00.000001+00:00,Primary,69d98a6447f7402daca835c55f40a926,False
USGS-05451210,62361,"DEPRECATED Chlorophyll, in situ",00003,ug/l,2013-05-14 00:00:00.000001+00:00,2013-11-17 00:00:00.000001+00:00,Primary,6af1ce0c4dcc435cbf5781f140e453b0,False
USGS-05418400,00010,"Temperature, water",00003,degC,2012-05-25 00:00:00.000001+00:00,2014-11-10 00:00:00.000001+00:00,Primary,6ca1b0aa7c1d411e883df3515a8b6def,False
USGS-05482000,00010,"Temperature, water",00011,degC,2013-09-19 05:00:00.000001+00:00,2026-06-15 09:15:00.000001+00:00,Primary,6d1e2ccccf544fb18775a939c38b0481,True
USGS-05451210,00095,Specific cond at 25C,00011,uS/cm,2007-10-01 06:00:00.000001+00:00,2011-11-29 05:45:00.000001+00:00,Primary,6d456829e951477481efd70021f8ad53,False
USGS-05483600,83554,"NO3+NO2, w, total as N",00003,tons/day,2010-05-18 00:00:00.000001+00:00,2015-11-09 00:00:00.000001+00:00,Primary,6d5ef7d542e046a186a351eeffd55d20,False
USGS-05412500,72213,"Turbidity, FBRU",00003,_FBRU,2018-03-28 00:00:00.000001+00:00,2026-06-15 00:00:00.000001+00:00,Primary,6d60096243db4201964d38b1122719e1,True
USGS-05465500,00010,"Temperature, water",00011,degC,,,Primary,6e2bb54e4928491c9a1e639ffc0b8e57,False
USGS-05412500,00065,Gage height,,ft,1902-05-18 00:00:00.000001+00:00,2025-08-10 00:00:00.000001+00:00,Primary,6fa041f1652a4b30bc6912e57bcf9726,True
USGS-05465500,00060,Discharge,00011,ft^3/s,1986-10-01 05:15:00.000001+00:00,2026-06-15 08:00:00.000001+00:00,Primary,6fea358d4238410cafa47e2e5daea269,True
USGS-05484500,00010,"Temperature, water",00003,degC,2012-03-14 00:00:00.000001+00:00,2022-06-27 00:00:00.000001+00:00,Primary,700d80e2eebf48d78f292c41e48ebb45,True
USGS-05484000,00665,"Phosphorus, wu as P",00003,mg/l,2016-03-03 00:00:00.000001+00:00,2024-08-31 00:00:00.000001+00:00,Primary,72d60b88c83a43b88839405ffc3fff18,True
USGS-05464475,00065,Gage height,,ft,2019-05-19 00:00:00.000001+00:00,2025-07-12 00:00:00.000001+00:00,Primary,730ae91fb5a846b2aa131be9071eabca,True
USGS-05412500,80154,Suspnd sedmnt conc,00003,mg/l,1957-10-01 00:00:00.000001+00:00,1962-09-29 00:00:00.000001+00:00,Primary,745fc427c9b4412e95874f7c5ef98a78,False
USGS-05482300,99133,"NO3+NO2,water,insitu as N",00003,mg/l,2008-03-27 00:00:00.000001+00:00,2026-06-15 00:00:00.000001+00:00,Primary,74d18d68b83641d0a5c3c76f4cc78e50,True
USGS-05484500,83554,"NO3+NO2, w, total as N",00003,tons/day,2012-03-02 00:00:00.000001+00:00,2026-06-15 00:00:00.000001+00:00,Primary,752db3bcf02640c0a851b5dc3c675d12,True
USGS-05482000,00010,"Temperature, water",00011,degC,,,Primary,7628d11dad314c2e8747661b478493c1,False
USGS-415959091441301,72019,"Water level, depth LSD",00011,ft,2025-03-11 13:30:00.000001+00:00,2026-06-15 09:15:00.000001+00:00,Primary,77702da77d99439b85861d148bf2ccdf,False
USGS-05418720,00060,Discharge,,ft^3/s,2014-07-02 00:00:00.000001+00:00,2018-02-21 00:00:00.000001+00:00,Primary,77a945e4bfe341a397df430f92360e3b,True
USGS-415959091441301,72019,"Water level, depth LSD",00003,ft,2025-03-12 00:00:00.000001+00:00,2026-06-14 00:00:00.000001+00:00,Primary,782ce741e7204d65a99964d40c1d10f5,False
USGS-05482000,00065,Gage height,,ft,1903-05-31 00:00:00.000001+00:00,2025-08-01 00:00:00.000001+00:00,Primary,7851664b38a748dbbad6def399cfa046,True
USGS-05482300,00060,Discharge,,ft^3/s,1954-06-21 00:00:00.000001+00:00,2025-07-31 00:00:00.000001+00:00,Primary,7975ee5e868b49ef9cab69dbd15b72e4,True
USGS-05484500,00060,Discharge,00003,ft^3/s,1915-04-25 00:00:00.000001+00:00,2026-06-13 00:00:00.000001+00:00,Primary,7991c5a481b5430e838374f2f5112d4f,True
USGS-05418400,63680,"Turbidity, FNU",00011,_FNU,2013-05-11 05:00:00.000001+00:00,2013-08-05 04:59:55.000001+00:00,Primary,79fb788ea62749e4a91c05ed59403295,False
USGS-05482500,00060,Discharge,,ft^3/s,1940-08-28 00:00:00.000001+00:00,2025-08-11 00:00:00.000001+00:00,Primary,7a942cbdea75429697d50542416de372,True
USGS-05483600,80155,Suspnd sedmnt disch,00003,tons/day,1979-03-24 00:00:00.000001+00:00,1985-09-29 00:00:00.000001+00:00,Primary,7ac972259e994a7383c121edea473d8b,False
USGS-06817000,00060,Discharge,00003,ft^3/s,1918-05-17 00:00:00.000001+00:00,2026-06-13 00:00:00.000001+00:00,Primary,7acff7952af5411f971bce84aa314682,True
USGS-06604440,99133,"NO3+NO2,water,insitu as N",00011,mg/l,2012-06-01 05:00:00.000001+00:00,2015-10-01 05:00:00.000001+00:00,Primary,7ba6be2061a14cd9b89d76c632eff249,False
USGS-05418110,99133,"NO3+NO2,water,insitu as N",00011,mg/l,2012-05-16 05:00:00.000001+00:00,2014-11-13 05:45:00.000001+00:00,Primary,7c0fedfd24ca4da3b487565ff22b9fda,False
USGS-05482300,99133,"NO3+NO2,water,insitu as N",00011,mg/l,2008-03-27 05:00:00.000001+00:00,2026-06-15 08:15:00.000001+00:00,Primary,7e223bd521fb4c7fbf527206848bb271,True
USGS-06808500,00010,"Temperature, water",00011,degC,2016-03-02 06:00:00.000001+00:00,2026-06-15 08:00:00.000001+00:00,Primary,7f62e35382f44fa3b8012d6cb5e50a75,True
USGS-05420500,00300,Dissolved oxygen,00011,mg/l,2015-03-17 05:00:00.000001+00:00,2021-08-02 05:45:00.000001+00:00,Primary,800942ba1c094dcd92b2aa5238455c77,True
USGS-05420500,99133,"NO3+NO2,water,insitu as N",00003,mg/l,2017-03-08 00:00:00.000001+00:00,2021-07-31 00:00:00.000001+00:00,Primary,80bbe3072c664b8c8f0c14f3797dbb1c,True
USGS-06817000,00065,Gage height,,ft,1903-08-01 00:00:00.000001+00:00,2025-06-26 00:00:00.000001+00:00,Primary,813bacb1784143fc80dd0f7ceeb96ec3,True
USGS-06808500,91007,"Phosphorus, wu",00003,tons/day,2016-01-01 00:00:00.000001+00:00,2026-06-15 00:00:00.000001+00:00,Primary,8273eca5eaea49d991f418de6e271db1,True
USGS-05420500,00095,Specific cond at 25C,00011,uS/cm,2015-03-17 05:00:00.000001+00:00,2021-08-02 05:45:00.000001+00:00,Primary,843b2a96c7c04b55b7e5d23f7dd6b352,True
USGS-05482000,00010,"Temperature, water",00003,degC,2013-09-19 00:00:00.000001+00:00,2026-06-14 00:00:00.000001+00:00,Primary,8446bc1dc7fb432ca8dbb660d50376df,True
USGS-05418400,00300,Dissolved oxygen,00011,mg/l,2013-05-11 05:00:00.000001+00:00,2013-08-06 04:59:55.000001+00:00,Primary,8497a1038df24ecda4bc391504ff640c,False
USGS-05480986,00060,Discharge,00011,ft^3/s,2013-02-13 06:00:00.000001+00:00,2013-11-04 05:45:00.000001+00:00,Primary,85330b4a42c44ffc853758e41ef2f217,False
USGS-05464500,00060,Discharge,,ft^3/s,1851-06-01 00:00:00.000001+00:00,2025-08-04 00:00:00.000001+00:00,Primary,85ccd5e2309046ceb32509244f5e559b,True
USGS-05474500,00065,Gage height,,ft,1851-06-06 00:00:00.000001+00:00,1993-07-10 00:00:00.000001+00:00,Primary,85d95c6b29ab474d8e309bba1e5fb898,False
USGS-05464500,00010,"Temperature, water",00011,degC,,,Primary,85e769e25bd9460eb0f567665e6d459e,False
USGS-05420500,63680,"Turbidity, FNU",00003,_FNU,2015-03-17 00:00:00.000001+00:00,2021-07-31 00:00:00.000001+00:00,Primary,86bc3302a99545c8be07c5d53479a2e9,True
USGS-05484500,00010,"Temperature, water",00011,degC,2012-03-14 05:00:00.000001+00:00,2024-06-04 19:00:00.000001+00:00,Primary,871104a8bf16460eac5830f80a718364,True
USGS-05482000,00060,Discharge,00003,ft^3/s,1915-03-01 00:00:00.000001+00:00,2026-06-13 00:00:00.000001+00:00,Primary,8764e962882640ebad99d971b8bfe3d1,True
USGS-06808500,00010,"Temperature, water",00003,degC,2016-03-02 00:00:00.000001+00:00,2026-06-15 00:00:00.000001+00:00,Primary,87aa768839d8429d84b83eab7fcc6ab3,True
USGS-05420500,32295,"fDOM, water, in situ",00011,QSE,,,,8872fad5217449d38f46fd56646012b6,False
USGS-05464420,00060,Discharge,00011,ft^3/s,2009-03-26 05:00:00.000001+00:00,2026-06-15 08:15:00.000001+00:00,Primary,88734aaf6c8a4662a668df5bc0cf0dbf,True
USGS-05484500,00065,Gage height,00011,ft,2007-10-01 06:00:00.000001+00:00,2026-06-15 08:00:00.000001+00:00,Primary,88a91c5cf5bc43bb89280658c044001e,True
USGS-05451210,00045,Precipitation,,in,2007-10-01 06:00:00.000001+00:00,2008-10-01 04:30:00.000001+00:00,Primary,88f095169fe14da7a70add25baab4987,False
USGS-05412500,00010,"Temperature, water",00011,degC,,,Primary,890b119d35c049ab972ca4479dfd6910,False
USGS-05480986,00060,Discharge,00003,ft^3/s,2013-02-13 00:00:00.000001+00:00,2013-11-03 00:00:00.000001+00:00,Primary,89a78f04dae5438daa37fd05f7deb29e,False
USGS-415959091441301,00095,Specific cond at 25C,00011,uS/cm,2023-12-20 17:00:00.000001+00:00,2026-06-02 18:30:00.000001+00:00,Primary,89fa78190dd747d58e6c68c6cd753138,True
USGS-05420500,80154,Suspnd sedmnt conc,00003,mg/l,1994-10-01 00:00:00.000001+00:00,1997-09-29 00:00:00.000001+00:00,Primary,8ac6cca26450411d94a4e19048b53673,False
USGS-05483600,00010,"Temperature, water",00011,degC,,,Primary,8ae33f8b15de4a6baccee6432090fd38,False
USGS-06817000,00020,"Temperature, air",00011,degC,2025-08-25 00:00:00.000001+00:00,2026-06-15 08:15:00.000001+00:00,,8b58862cd53c4faf9befb52441edda6a,False
USGS-05451210,00010,"Temperature, water",00011,degC,2007-10-01 06:00:00.000001+00:00,2011-11-29 05:45:00.000001+00:00,Primary,8cb566bbee6e4f67a4c77d8816e52bde,False
USGS-05420500,00010,"Temperature, water",00003,degC,1977-10-01 00:00:00.000001+00:00,1978-09-30 00:00:00.000001+00:00,Primary,8ced3abb9a15438bbbba8cc1a2bbcf6b,False
USGS-05482500,99133,"NO3+NO2,water,insitu as N",00011,mg/l,2008-04-03 05:00:00.000001+00:00,2026-06-15 08:30:00.000001+00:00,Primary,8d20391f7c864c44abdfd0f2242b87f4,True
USGS-05480603,99133,"NO3+NO2,water,insitu as N",00011,mg/l,2013-06-14 05:00:00.000001+00:00,2014-10-03 04:45:00.000001+00:00,Primary,8d6ca40825e940a7a883e8289420fded,False
USGS-06808500,99133,"NO3+NO2,water,insitu as N",00011,mg/l,2016-03-02 06:00:00.000001+00:00,2026-06-15 08:00:00.000001+00:00,Primary,8e76388ebcb245d38f39db6dc7224309,True
USGS-05481000,99133,"NO3+NO2,water,insitu as N",00003,mg/l,2012-03-15 00:00:00.000001+00:00,2017-10-01 00:00:00.000001+00:00,Primary,8eed23f92e444fa1a13106b294205745,True
USGS-05418400,00301,Diss oxygen saturtn,00003,%,2013-05-11 00:00:00.000001+00:00,2013-08-05 00:00:00.000001+00:00,Primary,8f7347c6c2884108b725243211d7db4d,False
USGS-06817000,00010,"Temperature, water",00011,degC,2012-09-13 05:00:00.000001+00:00,2026-06-15 09:30:00.000001+00:00,Primary,8f98b6fc5eaa4f239523907f72942f36,True
USGS-05418400,99133,"NO3+NO2,water,insitu as N",00003,mg/l,2013-05-30 00:00:00.000001+00:00,2013-06-15 00:00:00.000001+00:00,Primary,8fb3dff4b36c4d74b147671a5a1dbf0b,False
USGS-05418400,72213,"Turbidity, FBRU",00011,_FBRU,2012-05-25 05:00:00.000001+00:00,2014-11-12 05:45:00.000001+00:00,Primary,91cf830a982343419a12b92a35b5c4ed,False
USGS-05420500,32295,"fDOM, water, in situ",00003,QSE,,,,93cd824470024b87b7e9227b7d7895aa,False
USGS-05412500,00665,"Phosphorus, wu as P",00003,mg/l,2018-03-28 00:00:00.000001+00:00,2026-06-15 00:00:00.000001+00:00,Primary,9457afe53abe430aab87f2aaad180584,True
USGS-06604440,83554,"NO3+NO2, w, total as N",00003,tons/day,,,Primary,9475339a95ce49d79fc95de3ac68ae6d,False
USGS-05418400,00095,Specific cond at 25C,00011,uS/cm,2013-05-11 05:00:00.000001+00:00,2013-08-07 04:59:08.000001+00:00,Primary,94db4db4149146718bf8f97ee0815c5a,False
USGS-05418110,00065,Gage height,,ft,2013-03-10 00:00:00.000001+00:00,2015-03-11 00:00:00.000001+00:00,Primary,96298464f10c4e6aa02e035056453519,False
USGS-05474500,00300,Dissolved oxygen,00011,mg/l,2021-05-06 21:00:00.000001+00:00,2026-06-15 06:45:00.000001+00:00,Primary,96d7f288e7834e03bc9742503634ad9e,True
USGS-415959091441301,00095,Specific cond at 25C,00011,uS/cm,2025-03-10 19:00:00.000001+00:00,2026-06-15 10:15:00.000001+00:00,Primary,96e6b907b72a44048cda0e5639605f08,False
USGS-05465500,99133,"NO3+NO2,water,insitu as N",00011,mg/l,2009-06-03 05:00:00.000001+00:00,2026-06-15 08:00:00.000001+00:00,Primary,9727adc70cdb46c3b8ce2ed8740f2d85,True
USGS-05464420,00300,Dissolved oxygen,00011,mg/l,2018-08-03 16:45:00.000001+00:00,2026-06-15 08:15:00.000001+00:00,Primary,97fb87d3352149c283ddac38dbfbead2,True
USGS-05481000,00060,Discharge,00003,ft^3/s,1940-03-09 00:00:00.000001+00:00,2026-06-13 00:00:00.000001+00:00,Primary,98e8d8bf298541a6b89eba68f5395015,True
USGS-05451210,63675,"Turbidity, NTU",00011,_NTU,2010-04-23 05:00:00.000001+00:00,2011-11-29 05:45:00.000001+00:00,Primary,9bb6aeb4469c445b923e9ec2cf31a125,False
USGS-05482300,00060,Discharge,00011,ft^3/s,1990-10-01 05:15:00.000001+00:00,2026-06-15 08:15:00.000001+00:00,Primary,9c7b6f855088401eaa7f38c4939e57d8,True
USGS-05455100,00060,Discharge,00003,ft^3/s,1950-10-01 00:00:00.000001+00:00,2026-06-13 00:00:00.000001+00:00,Primary,9cfd0a20891b42be9d0ea224e31fe019,True
USGS-05480986,00065,Gage height,,ft,2013-06-24 00:00:00.000001+00:00,2013-06-24 00:00:00.000001+00:00,Primary,9d10bf811dae4102a25136e62ba482a6,False
USGS-05451210,00400,pH,00011,pH Units,2007-10-01 06:00:00.000001+00:00,2011-11-29 05:45:00.000001+00:00,Primary,9e6798919b2d4bb3b8ee2262a8301f86,False
USGS-05455100,00010,"Temperature, water",00011,degC,2012-02-21 06:00:00.000001+00:00,2015-11-10 05:45:00.000001+00:00,Primary,9e9349d2a51a4ccc904607b7c313aa9b,False
USGS-05481000,00065,Gage height,00011,ft,2007-10-01 06:00:00.000001+00:00,2026-06-15 08:00:00.000001+00:00,Primary,9fdca9e24bc74f55a7d2ffc63054f49a,True
USGS-05464500,63158,"Stream level, NGVD29",00011,ft,2007-10-01 06:00:00.000001+00:00,2026-06-15 04:00:00.000001+00:00,Primary,a24d74b432fe488a93ad980e8c00b2dc,True
USGS-05418400,00095,Specific cond at 25C,00003,uS/cm,2013-05-11 00:00:00.000001+00:00,2013-08-06 00:00:00.000001+00:00,Primary,a260490e53b242ff8932fcf88cd328fc,False
USGS-06604440,00065,Gage height,,ft,2010-03-18 00:00:00.000001+00:00,2015-03-11 00:00:00.000001+00:00,Primary,a2cd5c6e69f04161a925bb8c47f40ea0,False
USGS-05418720,00060,Discharge,00003,ft^3/s,2014-04-09 00:00:00.000001+00:00,2018-10-03 00:00:00.000001+00:00,Primary,a3296719d5944a4badfb44ac26e43941,True
USGS-06817000,90095,"SpecCond,wu25degCLab",00011,uS/cm,,,Primary,a3865e83325b4d939685479c476ce7f2,False
USGS-05412500,00665,"Phosphorus, wu as P",00011,mg/l,2018-03-27 21:05:00.000001+00:00,2026-06-15 04:15:00.000001+00:00,Primary,a50e3cb7490c44e4a32c726e10733fda,True
USGS-05484000,72213,"Turbidity, FBRU",00011,_FBRU,2016-03-03 06:00:00.000001+00:00,2026-05-07 15:30:00.000001+00:00,Primary,a6de6ff23b3a477eb357a907ab5b66a0,True
USGS-05451210,00301,Diss oxygen saturtn,00011,%,2013-05-14 05:00:00.000001+00:00,2013-11-18 05:45:46.000001+00:00,Primary,a9387c99f6f44fb8ba0faac04a4a39e4,False
USGS-415959091441301,99133,"NO3+NO2,water,insitu as N",00011,mg/l,2025-02-27 13:30:00.000001+00:00,2026-06-15 09:15:00.000001+00:00,Primary,aaf8a09ad59d4e61bc6eba46e56f7d83,False
USGS-05482000,00065,Gage height,00011,ft,2007-10-01 06:00:00.000001+00:00,2026-06-15 08:15:00.000001+00:00,Primary,ab29cc9bbc73490892b3edaa6fe28ff3,True
USGS-05418400,62361,"DEPRECATED Chlorophyll, in situ",00011,ug/l,2013-05-11 05:00:00.000001+00:00,2013-08-06 04:59:55.000001+00:00,Primary,ab779cb6cfab4b7884f91c5fd9ecacdd,False
USGS-06817000,00010,"Temperature, water",00011,degC,,,Primary,abc5ccb0fb3542b78c91e0052d5dc43c,False
USGS-06808500,00065,Gage height,00011,ft,2007-10-01 06:00:00.000001+00:00,2026-06-15 08:00:00.000001+00:00,Primary,ad34b2ec850c411cbf465409ac616713,True
USGS-05412500,91007,"Phosphorus, wu",00003,tons/day,2017-12-31 00:00:00.000001+00:00,2026-06-15 00:00:00.000001+00:00,Primary,ad947fdeedac42f289cc693802f772d9,True
USGS-05464420,00095,Specific cond at 25C,00011,uS/cm,2018-08-03 16:45:00.000001+00:00,2026-06-15 08:15:00.000001+00:00,Primary,ada8bb15a0eb4022b38e3ef71163a756,True
USGS-05484000,00060,Discharge,00003,ft^3/s,1940-03-04 00:00:00.000001+00:00,2026-06-13 00:00:00.000001+00:00,Primary,adbe28e37b4e446f9d855c40e2d32dec,True
USGS-05480603,00060,Discharge,00011,ft^3/s,2013-03-15 05:00:00.000001+00:00,2014-09-05 04:55:00.000001+00:00,Primary,ae7ae58d3ade47b5b0ff2b9d344fdac3,False
USGS-05465500,00095,Specific cond at 25C,00011,uS/cm,,,Primary,aed65594bdc94391915f7a5e7288eb28,False
USGS-05484000,99133,"NO3+NO2,water,insitu as N",00011,mg/l,2016-03-03 06:00:00.000001+00:00,2026-06-15 07:45:00.000001+00:00,Primary,af28b543c90c423087ac75edc6edc4cd,True
USGS-05482300,00065,Gage height,,ft,1954-06-21 00:00:00.000001+00:00,2025-07-31 00:00:00.000001+00:00,Primary,af8850ac261c47268ff2498f423b8e15,True
USGS-05420500,00301,Diss oxygen saturtn,00003,%,2015-03-17 00:00:00.000001+00:00,2021-07-31 00:00:00.000001+00:00,Primary,af9c37232d024c43b8044cec512e5041,True
USGS-05412500,00065,Gage height,00011,ft,2007-10-01 06:00:00.000001+00:00,2026-06-15 08:15:00.000001+00:00,Primary,afb1f166b9894766895369cc77f08476,True
USGS-05474500,00060,Discharge,,ft^3/s,1851-06-06 00:00:00.000001+00:00,2024-07-11 00:00:00.000001+00:00,Primary,afb943e1399f45f2aa73f0ecb3bda6c7,True
USGS-05482000,99133,"NO3+NO2,water,insitu as N",00011,mg/l,2016-04-01 06:00:00.000001+00:00,2026-06-15 08:15:00.000001+00:00,Primary,b06249f9a95246b1aa3b90a56cd36295,True
USGS-05418720,63680,"Turbidity, FNU",00003,_FNU,2014-08-19 00:00:00.000001+00:00,2018-10-22 00:00:00.000001+00:00,Primary,b0e85554643741699592330d47559f2d,True
USGS-05464420,00301,Diss oxygen saturtn,00003,%,2026-03-04 00:00:00.000001+00:00,2026-06-14 00:00:00.000001+00:00,,b1212e368ace4339a799a7a93d777d33,False
USGS-05464420,00065,Gage height,,ft,2008-06-13 00:00:00.000001+00:00,2025-08-04 00:00:00.000001+00:00,Primary,b252a4e71dba4893890bce245b22cf4c,True
USGS-05455100,00065,Gage height,00011,ft,2007-10-01 06:00:00.000001+00:00,2026-06-15 08:00:00.000001+00:00,Primary,b2daf712872e4452942422cc797857cc,True
USGS-05451210,63680,"Turbidity, FNU",00003,_FNU,2013-05-14 00:00:00.000001+00:00,2013-11-17 00:00:00.000001+00:00,Primary,b580b30190714adcb4dd438dc4999232,False
USGS-05418400,00060,Discharge,00003,ft^3/s,1998-04-29 00:00:00.000001+00:00,2026-06-14 00:00:00.000001+00:00,Primary,b5d5debbeaf0464da180537fe991fd6a,True
USGS-05418110,72213,"Turbidity, FBRU",00003,_FBRU,2012-04-12 00:00:00.000001+00:00,2014-11-11 00:00:00.000001+00:00,Primary,b5ea7c22f97f4237afa0b657c6c49507,False
USGS-05464500,00060,Discharge,00003,ft^3/s,1902-10-01 00:00:00.000001+00:00,2026-06-13 00:00:00.000001+00:00,Primary,b64d6777cada4f55b4f7e04d1e4258bf,True
USGS-05464420,00010,"Temperature, water",00003,degC,2018-08-03 00:00:00.000001+00:00,2026-06-15 00:00:00.000001+00:00,Primary,b660feec98cd4efa92fbbf5ce004b5b8,True
USGS-05464475,00010,"Temperature, water",00011,degC,2019-04-16 23:00:00.000001+00:00,2026-06-15 06:30:00.000001+00:00,Primary,b7b2b4e987444dd294df57c8380e8958,True
USGS-05418110,72213,"Turbidity, FBRU",00011,_FBRU,2012-04-12 05:00:00.000001+00:00,2014-11-13 05:45:00.000001+00:00,Primary,b9d5a25d322c4879b77e96af291cdfc8,False
USGS-06808500,00065,Gage height,,ft,1947-06-01 00:00:00.000001+00:00,2025-08-10 00:00:00.000001+00:00,Primary,bb0314971eac40048d54b295fb93fe4c,True
USGS-05418110,00010,"Temperature, water",00003,degC,2012-04-13 00:00:00.000001+00:00,2014-11-11 00:00:00.000001+00:00,Primary,bb66ecb5d7f64999aacc30197cf5021e,False
USGS-05483600,99133,"NO3+NO2,water,insitu as N",00011,mg/l,2010-05-18 05:00:00.000001+00:00,2015-11-10 15:00:00.000001+00:00,Primary,bb9535c0cf584d59b76cfb9eaf267c4d,False
USGS-05483600,00065,Gage height,00011,ft,2007-10-01 06:00:00.000001+00:00,2026-06-15 08:15:00.000001+00:00,Primary,bc2a5860c7324473a34880019cfd7ff3,True
USGS-05464420,99133,"NO3+NO2,water,insitu as N",00003,mg/l,2012-10-14 00:00:00.000001+00:00,2026-06-15 00:00:00.000001+00:00,Primary,bcb3164baf27483ca16f0bbc4fb9d4d2,True
USGS-05481000,00060,Discharge,00011,ft^3/s,1990-10-01 05:15:00.000001+00:00,2026-06-15 08:00:00.000001+00:00,Primary,be4603f0af984e6fb288645ea8b34297,True
USGS-05482000,99133,"NO3+NO2,water,insitu as N",00003,mg/l,2016-03-31 00:00:00.000001+00:00,2026-06-15 00:00:00.000001+00:00,Primary,c04107d4f04e443eb207b900928051a9,True
USGS-05464500,00010,"Temperature, water",00003,degC,2012-04-19 00:00:00.000001+00:00,2012-09-29 00:00:00.000001+00:00,Primary,c0420d28d7cc4ed98ef5f4fc9e516ac9,False
USGS-05482500,00010,"Temperature, water",00003,degC,2012-03-13 00:00:00.000001+00:00,2022-05-03 00:00:00.000001+00:00,Primary,c0a9e371d93844aeb4760ad29ef3b1c3,True
USGS-05482500,00065,Gage height,00011,ft,2007-10-01 06:00:00.000001+00:00,2026-06-15 08:15:00.000001+00:00,Primary,c0e8e81f738a4abe89dc5ae5fbfcf011,True
USGS-06817000,80155,Suspnd sedmnt disch,00003,tons/day,1975-10-01 00:00:00.000001+00:00,1992-09-29 00:00:00.000001+00:00,Primary,c0fcfe9652a3483e87f5ae59ac649724,False
USGS-05465500,80154,Suspnd sedmnt conc,00003,mg/l,1978-04-01 00:00:00.000001+00:00,2024-09-28 00:00:00.000001+00:00,Primary,c1087d12e8304b638034a701e014139e,True
USGS-05455100,00060,Discharge,00011,ft^3/s,1990-10-01 05:15:00.000001+00:00,2026-06-15 08:00:00.000001+00:00,Primary,c14df1053611453bae3e0738829e0fe5,True
USGS-05418400,62361,"DEPRECATED Chlorophyll, in situ",00003,ug/l,2013-05-11 00:00:00.000001+00:00,2013-08-05 00:00:00.000001+00:00,Primary,c1bf33256d19460bb785fa46584ed1ec,False
USGS-05420500,00301,Diss oxygen saturtn,00011,%,2015-03-17 05:00:00.000001+00:00,2021-08-02 05:45:00.000001+00:00,Primary,c28a40d1cd0947e2989f23d3b959de32,True
USGS-06604440,00060,Discharge,,ft^3/s,2010-03-18 00:00:00.000001+00:00,2015-03-11 00:00:00.000001+00:00,Primary,c34adb05661e4383b3505f448b15891b,False
USGS-05418400,00400,pH,00008,pH Units,2013-05-11 00:00:00.000001+00:00,2013-08-05 00:00:00.000001+00:00,Primary,c3bdc8f2d8e94f6b9ccf36bfa1b84a1e,False
USGS-415959091441301,00095,Specific cond at 25C,00003,uS/cm,2023-12-20 00:00:00.000001+00:00,2026-06-02 00:00:00.000001+00:00,Primary,c3fcc3e9c5c14f87a5db8bbb1f2c05f5,True
USGS-05420500,00060,Discharge,00003,ft^3/s,1873-06-02 00:00:00.000001+00:00,2026-06-13 00:00:00.000001+00:00,Primary,c4895881ba81471c806eed7ba394f034,True
USGS-06603750,99133,"NO3+NO2,water,insitu as N",00003,mg/l,2016-05-05 00:00:00.000001+00:00,2017-10-03 00:00:00.000001+00:00,Primary,c492e92348db47628510e8d677d3dc9c,True
USGS-05484000,83554,"NO3+NO2, w, total as N",00003,tons/day,2016-03-03 00:00:00.000001+00:00,2026-06-15 00:00:00.000001+00:00,Primary,c7bade9c86dd4f28a43fdf2dcce20ce4,True
USGS-05465500,99133,"NO3+NO2,water,insitu as N",00003,mg/l,2009-06-03 00:00:00.000001+00:00,2026-06-15 00:00:00.000001+00:00,Primary,c7ef418937f0409b9d655c89cb4d6513,True
USGS-05474500,99133,"NO3+NO2,water,insitu as N",00011,mg/l,2023-04-13 18:00:00.000001+00:00,2026-06-15 07:45:00.000001+00:00,Primary,c7febf287d3d41f8a887fe3a33983bc6,True
USGS-05484000,00060,Discharge,00011,ft^3/s,1990-10-01 05:15:00.000001+00:00,2026-06-15 07:45:00.000001+00:00,Primary,ca2eb3e799a74b24b48e720422c9a9ed,True
USGS-05483600,00095,Specific cond at 25C,00011,uS/cm,,,Primary,ca77431614a644d39b8fabf7cbf8bf7f,False
USGS-05420500,63680,"Turbidity, FNU",00011,_FNU,2015-03-17 05:00:00.000001+00:00,2021-08-02 05:45:00.000001+00:00,Primary,cbc43b548f32435aaae59723b98cb900,True
USGS-05418720,00010,"Temperature, water",00003,degC,2014-05-23 00:00:00.000001+00:00,2018-10-03 00:00:00.000001+00:00,Primary,cc767c9efe344352903f0b1c719edbb2,True
USGS-05465500,00060,Discharge,,ft^3/s,1903-06-03 00:00:00.000001+00:00,2024-05-29 00:00:00.000001+00:00,Primary,cd33fea4429c4ff0a17b7415ab248201,True
USGS-05464500,00010,"Temperature, water",00011,degC,2012-04-19 05:00:00.000001+00:00,2012-10-01 04:45:00.000001+00:00,Primary,cdbd5bea443f41b39127b6792b12725d,False
USGS-05418400,63680,"Turbidity, FNU",00003,_FNU,2013-05-11 00:00:00.000001+00:00,2013-08-04 00:00:00.000001+00:00,Primary,ce3501584ad04fe6902b71a82592e602,False
USGS-05418400,99133,"NO3+NO2,water,insitu as N",00011,mg/l,2012-05-25 05:00:00.000001+00:00,2014-11-12 20:45:00.000001+00:00,Primary,ce57b28c69504d128c979cf87ba8252a,False
USGS-05455100,00065,Gage height,,ft,1951-08-28 00:00:00.000001+00:00,2025-07-12 00:00:00.000001+00:00,Primary,cf54a2e4d6c3483b83db099aec538794,True
USGS-05474500,00010,"Temperature, water",00011,degC,2021-05-06 21:00:00.000001+00:00,2026-06-15 05:45:00.000001+00:00,Primary,cf6e74420cf44246a3b31b859eef409e,True
USGS-05465500,00010,"Temperature, water",00011,degC,2011-10-01 06:45:00.000001+00:00,2018-04-23 15:45:00.000001+00:00,Primary,cf7b9fcc1a4e442684d612c7b94ca566,True
USGS-05464500,00065,Gage height,,ft,1851-06-01 00:00:00.000001+00:00,2025-08-04 00:00:00.000001+00:00,Primary,cfd0602d2b47494085f25a3c0aa1b0f9,True
USGS-05464475,00060,Discharge,00011,ft^3/s,2019-04-16 23:00:00.000001+00:00,2026-06-15 04:30:00.000001+00:00,Primary,d04f7c428fa24c70b10cfbda6774763b,True
USGS-05484500,00060,Discharge,00011,ft^3/s,1986-10-01 05:15:00.000001+00:00,2026-06-15 08:00:00.000001+00:00,Primary,d0b757ceb8b342eb9e724ebe0c288f11,True
USGS-05481000,99133,"NO3+NO2,water,insitu as N",00011,mg/l,2012-03-15 05:00:00.000001+00:00,2017-10-02 14:15:00.000001+00:00,Primary,d0ecc6b4e6d24e18a32b224ef09aae96,True
USGS-05464500,99133,"NO3+NO2,water,insitu as N",00003,mg/l,2009-04-14 00:00:00.000001+00:00,2012-09-29 00:00:00.000001+00:00,Primary,d35e8a56b45d4aebb993fe02e1ffa126,False
USGS-05464420,63680,"Turbidity, FNU",00011,_FNU,2018-08-03 16:45:00.000001+00:00,2026-06-15 08:15:00.000001+00:00,Primary,d3c3b92855d04bc3942160286206bbba,True
USGS-05464475,00010,"Temperature, water",00003,degC,2019-04-16 00:00:00.000001+00:00,2026-06-15 00:00:00.000001+00:00,Primary,d54db9c4a259411fae5380a7081029bd,True
USGS-06808500,83554,"NO3+NO2, w, total as N",00003,tons/day,2016-03-02 00:00:00.000001+00:00,2026-06-15 00:00:00.000001+00:00,Primary,d55a87cffdf34c718e1b887ced07c607,True
USGS-05418110,00010,"Temperature, water",00011,degC,2012-04-13 05:00:00.000001+00:00,2014-11-13 05:45:00.000001+00:00,Primary,d5b7fc65c9d64e9b9e22ace418bc097c,False
USGS-06604440,00060,Discharge,00003,ft^3/s,2010-03-16 00:00:00.000001+00:00,2017-10-01 00:00:00.000001+00:00,Primary,d68822399b524b7cb4cf63605b20339e,True
USGS-05482300,00010,"Temperature, water",00011,degC,2012-03-13 05:00:00.000001+00:00,2022-05-04 15:15:00.000001+00:00,Primary,d754a112ebd14ee78633bb238c1a1e02,True
USGS-05474500,00300,Dissolved oxygen,00003,mg/l,2021-05-06 00:00:00.000001+00:00,2026-06-15 00:00:00.000001+00:00,Primary,d91ffb0b0bd04b8f95d9c108ee1a09ac,True
USGS-05451210,00060,Discharge,00011,ft^3/s,1995-10-26 05:00:00.000001+00:00,2026-06-15 07:45:00.000001+00:00,Primary,d9cdecb0c5a6473180e38a948b1e57e6,True
USGS-05464475,00065,Gage height,00011,ft,2019-04-16 23:00:00.000001+00:00,2026-06-15 09:30:00.000001+00:00,Primary,db0cea2e17e24b9d85a63e016fc65185,True
USGS-05451210,00300,Dissolved oxygen,00003,mg/l,2005-10-01 00:00:00.000001+00:00,2011-11-28 00:00:00.000001+00:00,Primary,db29c83ff1aa41f789adb49826b96280,False
USGS-05451210,00400,pH,00008,pH Units,2005-10-01 00:00:00.000001+00:00,2011-11-28 00:00:00.000001+00:00,Primary,db35ddc3a0db42368aa671b551f3830c,False
USGS-05464500,00065,Gage height,00011,ft,2007-10-01 06:00:00.000001+00:00,2026-06-15 08:00:00.000001+00:00,Primary,dce20396189a49b5aa1c3b0cc6e76899,True
USGS-05455100,99133,"NO3+NO2,water,insitu as N",00003,mg/l,2012-05-09 00:00:00.000001+00:00,2015-11-05 00:00:00.000001+00:00,Primary,dd2f7ea40f0b4f7bb6d8a2f08b3e5899,False
USGS-05420500,00010,"Temperature, water",00011,degC,,,Primary,dece973c6e7c4d3ea8fa8a0e407083fe,False
USGS-415959091441301,62611,"Elevation, GW, NAVD88",00003,ft,2025-03-12 00:00:00.000001+00:00,2026-06-14 00:00:00.000001+00:00,Primary,df6a7d2295ae415d9d7174786dce8666,False
USGS-05464475,99133,"NO3+NO2,water,insitu as N",00003,mg/l,2019-04-17 00:00:00.000001+00:00,2026-06-15 00:00:00.000001+00:00,Primary,e00fefd28059407eb0c680f1f0641285,True
USGS-05484500,99133,"NO3+NO2,water,insitu as N",00003,mg/l,2012-03-02 00:00:00.000001+00:00,2026-06-15 00:00:00.000001+00:00,Primary,e018e6cf60fd43e39e2fa21d3847d0e1,True
USGS-06817000,00060,Discharge,00011,ft^3/s,1989-10-01 05:10:57.000001+00:00,2026-06-15 08:15:00.000001+00:00,Primary,e0b5ad3c55fb47bb9eaa2233c4c13266,True
USGS-05464420,00060,Discharge,,ft^3/s,2010-03-17 00:00:00.000001+00:00,2024-06-28 00:00:00.000001+00:00,Primary,e18ed666f24948eeb86c0de12b2ad3de,True
USGS-05451210,63680,"Turbidity, FNU",00011,_FNU,2013-05-14 05:00:00.000001+00:00,2013-11-18 05:45:46.000001+00:00,Primary,e1cb162881b34d97b3fb2871af56f4fc,False
USGS-05455100,00010,"Temperature, water",00003,degC,2012-02-17 00:00:00.000001+00:00,2015-11-08 00:00:00.000001+00:00,Primary,e25501938a4642f095f8e251353a25ae,False
USGS-415959091441301,00010,"Temperature, water",00003,degC,2023-12-20 00:00:00.000001+00:00,2026-06-02 00:00:00.000001+00:00,Primary,e414eb126b9a487aae1342b4c90df281,True
USGS-05451210,62361,"DEPRECATED Chlorophyll, in situ",00011,ug/l,2013-05-14 05:00:00.000001+00:00,2013-11-18 05:45:46.000001+00:00,Primary,e4be819c83c5411cb247372f3b862586,False
USGS-415959091441301,62611,"Elevation, GW, NAVD88",00011,ft,2025-03-11 13:30:00.000001+00:00,2026-06-15 09:15:00.000001+00:00,Primary,e62c6588420949019881d2b97be92357,False
USGS-05418720,63680,"Turbidity, FNU",00011,_FNU,2014-08-19 05:00:00.000001+00:00,2018-10-23 14:30:00.000001+00:00,Primary,e638ada40a884bc7996340079c9a1560,True
USGS-05420500,00010,"Temperature, water",00001,degC,1977-10-01 00:00:00.000001+00:00,1986-09-29 00:00:00.000001+00:00,Primary,e63cbd253c414d52b89eb7474d24166f,False
USGS-05418720,00010,"Temperature, water",00011,degC,2014-05-23 05:00:00.000001+00:00,2018-10-04 16:00:00.000001+00:00,Primary,e8c9961bb7df4639be271223994c2e58,True
USGS-05482300,83554,"NO3+NO2, w, total as N",00003,tons/day,2008-03-27 00:00:00.000001+00:00,2026-06-15 00:00:00.000001+00:00,Primary,e8f8de6325914d098538c4631355e902,True
USGS-05420500,99133,"NO3+NO2,water,insitu as N",00011,mg/l,2015-03-28 05:00:00.000001+00:00,2016-07-18 05:45:00.000001+00:00,Primary,e940b8add8bb4e7d91a1c0bdec874a2d,False
USGS-05482500,00065,Gage height,,ft,1940-08-28 00:00:00.000001+00:00,2025-08-11 00:00:00.000001+00:00,Primary,e9c97d2e7fe842d3bcea80cd997fb6a8,True
USGS-05465500,63680,"Turbidity, FNU",00011,_FNU,2014-05-21 05:00:00.000001+00:00,2026-05-13 00:45:00.000001+00:00,Primary,e9d0fd94d442449d92d336ea199e5b51,True
USGS-05418400,00010,"Temperature, water",00011,degC,2012-05-25 05:00:00.000001+00:00,2014-11-12 05:45:00.000001+00:00,Primary,ea8f690bb8a94c96965e713006a6f2fc,False
USGS-05465500,80155,Suspnd sedmnt disch,00003,tons/day,1978-04-01 00:00:00.000001+00:00,2024-09-28 00:00:00.000001+00:00,Primary,eb4795b4c0d44092b701c23473ba59bf,True
USGS-05484000,00010,"Temperature, water",00011,degC,2016-03-01 06:00:00.000001+00:00,2024-09-03 17:45:00.000001+00:00,Primary,ebcf1f72c4c94f098eee1f739dc2e9cb,True
USGS-05484000,00665,"Phosphorus, wu as P",00011,mg/l,2016-03-03 06:00:00.000001+00:00,2026-05-07 15:30:00.000001+00:00,Primary,eda7f5eca10a41f4b1d5a7491abde6d2,True
USGS-05418400,32295,"fDOM, water, in situ",00011,QSE,2013-05-11 05:00:00.000001+00:00,2013-08-05 04:59:55.000001+00:00,Primary,edaaf9024996465e8743b3ddf2e9cc2f,False
USGS-05474500,32316,"fChl, water, in situ",00011,ug/l,2021-05-06 21:00:00.000001+00:00,2026-06-15 10:45:00.000001+00:00,Primary,ee12767fcc8842838270a42e38da7489,True
USGS-05482500,00060,Discharge,00011,ft^3/s,1990-10-01 05:15:00.000001+00:00,2026-06-15 08:15:00.000001+00:00,Primary,f01e21fa52a44e5696147f6869960223,True
USGS-05412500,00010,"Temperature, water",00003,degC,2012-05-30 00:00:00.000001+00:00,2026-06-15 00:00:00.000001+00:00,Primary,f0287716a40345efad4577f83ef06261,True
USGS-05418110,00060,Discharge,,ft^3/s,2013-03-10 00:00:00.000001+00:00,2015-03-11 00:00:00.000001+00:00,Primary,f03251fe719a4cce80f3994ed46b4f4e,False
USGS-05474500,00400,pH,00008,pH Units,2021-05-20 00:00:00.000001+00:00,2026-06-15 00:00:00.000001+00:00,Primary,f07352233cb141ecab9bc621514ea231,True
USGS-05464420,00095,Specific cond at 25C,00003,uS/cm,2018-08-04 00:00:00.000001+00:00,2026-06-15 00:00:00.000001+00:00,Primary,f077a4d8d9804625b7f6473dc98c648b,True
USGS-05418110,83554,"NO3+NO2, w, total as N",00003,tons/day,2012-05-16 00:00:00.000001+00:00,2014-11-11 00:00:00.000001+00:00,Primary,f0eabc1713d443b7bbada4dfb53edf13,False
USGS-05465500,00065,Gage height,00011,ft,2007-10-01 06:00:00.000001+00:00,2026-06-15 08:00:00.000001+00:00,Primary,f1148b0524754242b464320cfec3e16a,True
USGS-0546494205,72213,"Turbidity, FBRU",00011,_FBRU,,,Primary,f2baa1b75bcc41a7b243c26fe105bd0e,False
USGS-05464475,99133,"NO3+NO2,water,insitu as N",00011,mg/l,2019-04-16 23:00:00.000001+00:00,2026-06-15 04:30:00.000001+00:00,Primary,f3866bdaaaca4f8690ba1fc70036a046,True
USGS-05483600,00060,Discharge,,ft^3/s,1953-06-10 00:00:00.000001+00:00,2025-06-24 00:00:00.000001+00:00,Primary,f38bc780f3424875b25a7f32bbb4e241,True
USGS-05474500,00400,pH,00011,pH Units,2021-05-20 18:00:00.000001+00:00,2026-06-15 06:45:00.000001+00:00,Primary,f5b4ec64016a42519b647b31325921b4,True
USGS-06808500,00060,Discharge,00011,ft^3/s,1990-10-01 05:15:00.000001+00:00,2026-06-15 08:00:00.000001+00:00,Primary,f678f5066a824f478b00282dfd9d5646,True
USGS-06808500,72213,"Turbidity, FBRU",00003,_FBRU,2016-03-02 00:00:00.000001+00:00,2026-06-15 00:00:00.000001+00:00,Primary,f842b866644142248f3fa53eef236cba,True
USGS-05480603,00060,Discharge,,ft^3/s,2013-05-27 00:00:00.000001+00:00,2014-06-30 00:00:00.000001+00:00,Primary,f894b84417514dcda8dca1e81a82e6eb,False
USGS-05464500,80154,Suspnd sedmnt conc,00003,mg/l,1943-10-04 00:00:00.000001+00:00,1954-09-30 00:00:00.000001+00:00,Primary,f89b0b61ce4b421da66a9a259d952f8f,False
USGS-05451210,00065,Gage height,00011,ft,2007-10-01 06:00:00.000001+00:00,2026-06-15 07:45:00.000001+00:00,Primary,f8ec0ceeb1a747e2a73a98b899cdca74,True
USGS-05418110,00060,Discharge,00011,ft^3/s,2012-04-13 05:00:00.000001+00:00,2016-07-20 05:00:00.000001+00:00,Primary,f8f649c86e1f4fad8381ec53a76949d9,False
USGS-05474500,63680,"Turbidity, FNU",00011,_FNU,2021-05-06 21:00:00.000001+00:00,2026-06-15 05:45:00.000001+00:00,Primary,f952ea69772f49c09c253ca2d72c87ba,True
USGS-05451210,00060,Discharge,00003,ft^3/s,1995-10-25 00:00:00.000001+00:00,2026-06-13 00:00:00.000001+00:00,Primary,f977ac4b6ced4f52999b4f55d29fb41e,True
USGS-05484500,00065,Gage height,,ft,1915-05-29 00:00:00.000001+00:00,2025-07-30 00:00:00.000001+00:00,Primary,f99ec140ac244f3d9e064527a8085129,True
USGS-05420500,80155,Suspnd sedmnt disch,00003,tons/day,1994-10-01 00:00:00.000001+00:00,1997-09-29 00:00:00.000001+00:00,Primary,f9e94294678a4f1a9870ce20a4a09d59,False
USGS-05451210,32295,"fDOM, water, in situ",00003,QSE,2013-05-14 00:00:00.000001+00:00,2013-11-17 00:00:00.000001+00:00,Primary,fa056db2e15a4b6cb1a111f35dd4e880,False
USGS-0546494205,70969,DCP battery voltage,00011,V,,,,fa7e458bdb51484188f14ebf09bcfeb6,False
USGS-05464420,00400,pH,00011,pH Units,2022-03-16 16:30:00.000001+00:00,2026-06-15 09:15:00.000001+00:00,Primary,fb507987536f49bfa3010d66cb32e99a,True
USGS-05420500,00060,Discharge,00011,ft^3/s,1990-10-01 05:15:00.000001+00:00,2026-06-15 08:30:00.000001+00:00,Primary,fbe039224c874449ae574fe6668e11d8,True
USGS-05420500,00010,"Temperature, water",00003,degC,2012-07-26 00:00:00.000001+00:00,2026-06-15 00:00:00.000001+00:00,Primary,fc6e90b649b9442c99d579ce14443b49,True
USGS-415959091441301,00010,"Temperature, water",00003,degC,2025-02-27 00:00:00.000001+00:00,2026-06-15 00:00:00.000001+00:00,Primary,fc9cfc709e7b4e0bb98771111e41799a,False
USGS-06817000,83554,"NO3+NO2, w, total as N",00003,tons/day,2012-05-30 00:00:00.000001+00:00,2026-06-15 00:00:00.000001+00:00,Primary,fccbb5a0342a432abaa90fb590619fed,True
USGS-415959091441301,72019,"Water level, depth LSD",00001,ft,2025-03-12 00:00:00.000001+00:00,2026-06-14 00:00:00.000001+00:00,Primary,fdc5af40243b4b3bbc60b8b3df28df9a,False
USGS-06817000,00060,Discharge,,ft^3/s,1918-05-29 00:00:00.000001+00:00,2025-06-26 00:00:00.000001+00:00,Primary,fe7294b0844348e2a6ed28ebe73c9ee3,True
USGS-05418720,83554,"NO3+NO2, w, total as N",00003,tons/day,2014-06-30 00:00:00.000001+00:00,2018-10-02 00:00:00.000001+00:00,Primary,ffd5da09ba54469f9b279156489ab375,True
